query_id|question|answer|context_id|gold_evidence|gold_supporting_titles|gold_mapping_complete
hotpot:0|Were Scott Derrickson and Ed Wood of the same nationality?|yes|0|['1', '4']|['ed wood', 'scott derrickson']|True
hotpot:1|What government position was held by the woman who portrayed Corliss Archer in the film Kiss and Tell?|Chief of Protocol|1|['11', '16']|['kiss and tell 1945 film', 'shirley temple']|True
hotpot:2|What science fantasy young adult series, told in first person, has a set of companion books narrating the stories of enslaved worlds and alien species?|Animorphs|2|['22', '28']|['animorphs', 'the hork bajir chronicles']|True
hotpot:3|Are the Laleli Mosque and Esma Sultan Mansion located in the same neighborhood?|no|3|['35', '36']|['esma sultan mansion', 'laleli mosque']|True
hotpot:4|"The director of the romantic comedy ""Big Stone Gap"" is based in what New York city?"|Greenwich Village, New York City|4|['43', '49']|['adriana trigiani', 'big stone gap film']|True
hotpot:5|2014 S/S is the debut album of a South Korean boy group that was formed by who?|YG Entertainment|5|['52', '54']|['2014 s s', 'winner band']|True
hotpot:6|Who was known by his stage name Aladin and helped organizations improve their performance as a consultant?|Eenasul Fateh|6|['63', '67']|['eenasul fateh', 'management consulting']|True
hotpot:7|The arena where the Lewiston Maineiacs played their home games can seat how many people?|3,677 seated|7|['78', '80']|['androscoggin bank colisée', 'lewiston maineiacs']|True
hotpot:8|Who is older, Annie Morton or Terry Richardson?|Terry Richardson|8|['83', '85']|['annie morton', 'terry richardson']|True
hotpot:9|Are Local H and For Against both from the United States?|yes|9|['97', '99']|['for against', 'local h']|True
hotpot:10|What is the name of the fight song of the university whose main campus is in Lawrence, Kansas and whose branch campuses are in the Kansas City metropolitan area?|Kansas Song|10|['107', '112']|['kansas song', 'university of kansas']|True
hotpot:11|"What screenwriter with credits for ""Evolution"" co-wrote a film starring Nicolas Cage and Téa Leoni?"|David Weissman|11|['116', '122']|['david weissman', 'the family man']|True
hotpot:12|What year did Guns N Roses perform a promo for a movie starring Arnold Schwarzenegger as a former New York Police detective?|1999|12|['130', '131']|['end of days film', 'oh my god guns n roses song']|True
hotpot:13|Are Random House Tower and 888 7th Avenue both used for real estate?|no|13|['136', '137']|['888 7th avenue', 'random house tower']|True
hotpot:14|The football manager who recruited David Beckham managed Manchester United during what timeframe?|from 1986 to 2013|14|['151', '155']|['1995 96 manchester united f c season', 'alex ferguson']|True
hotpot:15|Brown State Fishing Lake is in a country that has a population of how many inhabitants ?|9,984|15|['158', '165']|['brown county kansas', 'brown state fishing lake']|True
hotpot:16|The Vermont Catamounts men's soccer team currently competes in a conference that was formerly known as what from 1988 to 1996?|the North Atlantic Conference|16|['169', '170']|['america east conference', 'vermont catamounts men s soccer']|True
hotpot:17|Are Giuseppe Verdi and Ambroise Thomas both Opera composers ?|yes|17|['179', '181']|['ambroise thomas', 'giuseppe verdi']|True
hotpot:18|Roger O. Egeberg was Assistant Secretary for Health and Scientific Affairs during the administration of a president that served during what years?|1969 until 1974|18|['188', '194']|['richard nixon', 'roger o egeberg']|True
hotpot:19|Which writer was from England, Henry Roth or Robert Erskine Childers?|Robert Erskine Childers DSC|19|['197', '202']|['henry roth', 'robert erskine childers']|True
hotpot:20|Which other Mexican Formula One race car driver has held the podium besides the Force India driver born in 1990?|Pedro Rodríguez|20|['209', '214']|['formula one drivers from mexico', 'sergio pérez']|True
hotpot:21|This singer of A Rather Blustery Day also voiced what hedgehog?|Sonic|21|['221', '224']|['a rather blustery day', 'jim cummings']|True
hotpot:22|Aside from the Apple Remote, what other device can control the program Apple Remote was originally designed to interact with?|keyboard function keys|22|['228', '231']|['apple remote', 'front row software']|True
hotpot:23|Which performance act has a higher instrument to person ratio, Badly Drawn Boy or Wolf Alice?|Badly Drawn Boy|23|['236', '242']|['badly drawn boy', 'wolf alice']|True
hotpot:24|What was the father of Kasper Schmeichel voted to be by the IFFHS in 1992?|World's Best Goalkeeper|24|['248', '254']|['kasper schmeichel', 'peter schmeichel']|True
hotpot:25|Who was the writer of These Boots Are Made for Walkin' and who died in 2007?|Barton Lee Hazlewood|25|['263', '265']|['lee hazlewood', 'these boots are made for walkin']|True
hotpot:26|The 2011–12 VCU Rams men's basketball team, led by third year head coach Shaka Smart, represented Virginia Commonwealth University which was founded in what year?|1838|26|['269', '271']|['2011 12 vcu rams men s basketball team', 'virginia commonwealth university']|True
hotpot:27|Are both Dictyosperma, and Huernia described as a genus?|yes|27|['276', '277']|['dictyosperma', 'huernia']|True
hotpot:28|Kaiser Ventures corporation was founded by an American industrialist who became known as the father of modern American shipbuilding?|Henry J. Kaiser|28|['283', '284']|['henry j kaiser', 'kaiser ventures']|True
hotpot:29|"What is the name for the adventure in ""Tunnels and Trolls"", a game designed by Ken St. Andre?"|Arena of Khazan|29|['289', '296']|['arena of khazan', 'tunnels amp trolls']|True
hotpot:30|"When was Poison's album ""Shut Up, Make Love"" released?"|2000|30|['303', '307']|['poison american band', 'shut up make love']|True
hotpot:31|Hayden is a singer-songwriter from Canada, but where does Buck-Tick hail from?|Fujioka, Gunma|31|['309', '313']|['buck tick', 'hayden musician']|True
hotpot:32|Which  French ace pilot and adventurer fly L'Oiseau Blanc|Charles Eugène|32|['321', '327']|['charles nungesser', 'l oiseau blanc']|True
hotpot:33|Are Freakonomics and In the Realm of the Hackers both American documentaries?|no|33|['335', '336']|['freakonomics film', 'in the realm of the hackers']|True
hotpot:34|Which band, Letters to Cleo or Screaming Trees, had more members?|Letters to Cleo|34|['338', '345']|['letters to cleo', 'screaming trees']|True
hotpot:35|Alexander Kerensky was defeated and destroyed by the Bolsheviks in the course of a civil war that ended when ?|October 1922|35|['348', '355']|['russian civil war', 'socialist revolutionary party']|True
hotpot:36|Seven Brief Lessons on Physics was written by an Italian physicist that has worked in France since what year?|2000|36|['363', '367']|['carlo rovelli', 'seven brief lessons on physics']|True
hotpot:37|The Livesey Hal War Memorial commemorates the fallen of which war, that had over 60 million casualties?|World War II|37|['368', '377']|['livesey hall war memorial', 'world war ii casualties']|True
hotpot:38|Are both Elko Regional Airport and Gerald R. Ford International Airport located in Michigan?|no|38|['380', '381']|['elko regional airport', 'gerald r ford international airport']|True
hotpot:39|Ralph Hefferline was a psychology professor at a university that is located in what city?|New York City|39|['395', '397']|['columbia university', 'ralph hefferline']|True
hotpot:40|Which dog's ancestors include Gordon and Irish Setters: the Manchester Terrier or the Scotch Collie?|Scotch Collie|40|['399', '405']|['manchester terrier', 'scotch collie']|True
hotpot:41|Where is the company that Sachin Warrier worked for as a software engineer headquartered?|Mumbai|41|['412', '414']|['sachin warrier', 'tata consultancy services']|True
hotpot:42|A Japanese manga series based on a 16 year old high school student Ichitaka Seto, is written and illustrated by someone born in what year?|1962|42|['419', '427']|['i quot s', 'masakazu katsura']|True
hotpot:43|The battle in which Giuseppe Arimondi lost his life secured what for Ethiopia?|sovereignty|43|['433', '435']|['battle of adwa', 'giuseppe arimondi']|True
hotpot:44|Alfred Balk served as the secretary of the Committee on the Employment of Minority Groups in the News Media under which United States Vice President?|Nelson Rockefeller|44|['440', '447']|['alfred balk', 'nelson rockefeller']|True
hotpot:45|A medieval fortress in Dirleton, East Lothian, Scotland borders on the south side of what coastal area?|Yellowcraig|45|['454', '455']|['dirleton castle', 'yellowcraigs']|True
hotpot:46|Who is the writer of this song that was inspired by words on a tombstone and was the first track on the box set Back to Mono?|Phil Spector|46|['461', '467']|['back to mono 1958 1969', 'to know him is to love him']|True
hotpot:47|What type of forum did a former Soviet statesman initiate?|Organizations could come together to address global issues|47|['474', '476']|['mikhail gorbachev', 'world summit of nobel peace laureates']|True
hotpot:48|Are Ferocactus and Silene both types of plant?|yes|48|['482', '486']|['ferocactus', 'silene']|True
hotpot:49|Which British first-generation jet-powered medium bomber was used in the South West Pacific theatre of World War II?|English Electric Canberra|49|['489', '491']|['english electric canberra', 'no 2 squadron raaf']|True
hotpot:50|Which year and which conference was the 14th season for this conference as part of the NCAA Division that the Colorado Buffaloes played in with a record of 2-6 in conference play?|2009 Big 12 Conference|50|['501', '507']|['2009 big 12 conference football season', '2009 colorado buffaloes football team']|True
hotpot:51|In 1991 Euromarché was bought by a chain that operated how any hypermarkets at the end of 2016?|1,462|51|['513', '517']|['carrefour', 'euromarché']|True
hotpot:52|What race track in the midwest hosts a 500 mile race eavery May?|Indianapolis Motor Speedway|52|['522', '526']|['1957 indianapolis 500', 'indianapolis motor speedway']|True
hotpot:53|"In what city did the ""Prince of tenors"" star in a film based on an opera by Giacomo Puccini?"|Rome|53|['532', '535']|['franco corelli', 'tosca 1956 film']|True
hotpot:54|Ellie Goulding worked with what other writers on her third studio album, Delirium?|Max Martin, Savan Kotecha and Ilya Salmanzadeh|54|['542', '546']|['delirium ellie goulding album', 'on my mind ellie goulding song']|True
hotpot:55|Which Australian city founded in 1838 contains a boarding school opened by a Prime Minister of Australia and named after a school in London of the same name.|Marion, South Australia|55|['552', '558']|['marion south australia', 'westminster school adelaide']|True
hotpot:56|D1NZ is a series based on what oversteering technique?|Drifting|56|['566', '567']|['d1nz', 'drifting motorsport']|True
hotpot:57|who is younger Keith Bostic or Jerry Glanville ?|Keith Bostic|57|['574', '578']|['jerry glanville', 'keith bostic american football']|True
hotpot:58|According to the 2001 census, what was the population of the city in which Kirton End is located?|35,124|58|['582', '588']|['boston lincolnshire', 'kirton end']|True
hotpot:59|Are both Cypress and Ajuga genera?|no|59|['591', '598']|['ajuga', 'cypress']|True
hotpot:60|What distinction is held by the former NBA player who was a member of the Charlotte Hornets during their 1992-93 season and was head coach for the WNBA team Charlotte Sting?|shortest player ever to play in the National Basketball Association|60|['601', '607']|['1992 93 charlotte hornets season', 'muggsy bogues']|True
hotpot:61|What is the name of the executive producer of the film that has a score composed by Jerry Goldsmith?|Ronald Shusett|61|['610', '615']|['alien film', 'alien soundtrack']|True
hotpot:62|Who was born earlier, Emma Bull or Virginia Woolf?|Adeline Virginia Woolf|62|['620', '621']|['emma bull', 'virginia woolf']|True
hotpot:63|What was the Roud Folk Song Index of the nursery rhyme inspiring What Are Little Girls Made Of?|821|63|['637', '638']|['what are little boys made of', 'what are little girls made of']|True
hotpot:64|Scott Parkin has been a vocal critic of Exxonmobil and another corporation that has operations in how many countries ?|more than 70 countries|64|['641', '642']|['halliburton', 'scott parkin']|True
hotpot:65|What WB supernatrual drama series was Jawbreaker star Rose Mcgowan best known for being in?|Charmed|65|['652', '654']|['jawbreaker film', 'rose mcgowan']|True
hotpot:66|Vince Phillips held a junior welterweight title by an organization recognized by what larger Hall of Fame?|International Boxing Hall of Fame|66|['661', '667']|['international boxing federation', 'vince phillips']|True
hotpot:67|"What is the name of the singer who's song was released as the lead single from the album ""Confessions"", and that had popular song stuck behind for eight consecutive weeks?"|Usher|67|['673', '677']|['i don t wanna know', 'yeah usher song']|True
hotpot:68|who is the younger brother of The episode guest stars of The Hard Easy|Bill Murray|68|['683', '685']|['brian doyle murray', 'the hard easy adventure time']|True
hotpot:69|The 2017–18 Wigan Athletic F.C. season will be a year in which the team competes in the league cup known as what for sponsorship reasons?|Carabao Cup|69|['689', '691']|['2017 18 wigan athletic f c season', 'efl cup']|True
hotpot:70|"Which of Tara Strong major voice role in animated series is an American animated television series based on the DC Comics fictional superhero team, the ""Teen Titans""?"|Teen Titans Go!|70|['701', '703']|['tara strong', 'teen titans go tv series']|True
hotpot:71|What is the inhabitant of the city where  122nd SS-Standarte was formed in2014|276,170 inhabitants|71|['709', '712']|['122nd ss standarte', 'strasbourg']|True
hotpot:72|What color clothing do people of the Netherlands wear during Oranjegekte or to celebrate the national holiday Koningsdag?|orange|72|['722', '726']|['koningsdag', 'oranjegekte']|True
hotpot:73|"What was the name of the 1996 loose adaptation of William Shakespeare's ""Romeo & Juliet"" written by James Gunn?"|Tromeo and Juliet|73|['734', '736']|['james gunn', 'tromeo and juliet']|True
hotpot:74|Robert Suettinger was the national intelligence officer under which former Governor of Arkansas?|William Jefferson Clinton|74|['743', '744']|['bill clinton', 'robert suettinger']|True
hotpot:75|What American professional Hawaiian surfer born 18 October 1992 won the Rip Curl Pro Portugal?|John John Florence|75|['751', '758']|['john john florence', 'meo rip curl pro portugal']|True
hotpot:76|What is the middle name of the actress who plays Bobbi Bacha in Suburban Madness?|Ann|76|['763', '765']|['bobbi bacha', 'sela ward']|True
hotpot:77|Alvaro Mexia had a diplomatic mission with which tribe of indigenous people?|Apalachees|77|['773', '778']|['alvaro mexia', 'indigenous peoples of florida']|True
hotpot:78|What nationality were social anthropologists Alfred Gell and Edmund Leach?|British|78|['779', '787']|['alfred gell', 'edmund leach']|True
hotpot:79|In which year was the King who made the 1925 Birthday Honours born?|1865|79|['795', '798']|['1925 birthday honours', 'george v']|True
hotpot:80|What is the county seat of the county where East Lempster, New Hampshire is located?|Newport|80|['801', '806']|['east lempster new hampshire', 'sullivan county new hampshire']|True
hotpot:81|The Album Against the Wind was the 11th Album of a Rock singer Robert C Seger born may 6 1945. What was the Rock singers stage name ?|Bob Seger|81|['811', '812']|['against the wind album', 'bob seger']|True
hotpot:82|Rostker v. Goldberg held that the practice of what way of filling armed forces vacancies was consitutional?|Conscription|82|['820', '825']|['conscription in the united states', 'rostker v goldberg']|True
hotpot:83|Handi-Snacks are a snack food product line sold by what American multinational confectionery, food, and beverage company that is based in Illinois?|Mondelez International, Inc.|83|['837', '838']|['handi snacks', 'mondelez international']|True
hotpot:84|"What was the name of a woman from the book titled ""Their Lives: The Women Targeted by the Clinton Machine "" and was also a former white house intern?"|Monica Lewinsky|84|['843', '847']|['monica lewinsky', 'their lives']|True
hotpot:85|When was the American lawyer, lobbyist and political consultant who was a senior member of the presidential campaign of Donald Trump born?|April 1, 1949|85|['849', '853']|['paul manafort', 'trump campaign russian meeting']|True
hotpot:86|"In what year was the novel that Lourenço Mutarelli based ""Nina"" on based first published?"|1866|86|['860', '867']|['crime and punishment', 'lourenço mutarelli']|True
hotpot:87|Where are Teide National Park and Garajonay National Park located?|Canary Islands, Spain|87|['870', '871']|['garajonay national park', 'teide national park']|True
hotpot:88|How many copies of Roald Dahl's variation on a popular anecdote sold?|250 million|88|['881', '886']|['mrs bixby and the colonel s coat', 'roald dahl']|True
hotpot:89|What occupation do Chris Menges and Aram Avakian share?|director|89|['893', '896']|['aram avakian', 'chris menges']|True
hotpot:90|Andrew Jaspan was the co-founder of what not-for-profit media outlet?|The Conversation|90|['901', '903']|['andrew jaspan', 'the conversation website']|True
hotpot:91|Which American film director hosted the 18th Independent Spirit Awards in 2002?|John Waters|91|['914', '915']|['18th independent spirit awards', 'john waters']|True
hotpot:92|Where does the hotel and casino located in which Bill Cosby's third album was recorded?|Las Vegas Strip in Paradise|92|['920', '921']|['flamingo las vegas', 'why is there air']|True
hotpot:93|Do the drinks Gibson and Zurracapote both contain gin?|no|93|['934', '937']|['gibson cocktail', 'zurracapote']|True
hotpot:94|In what month is the annual documentary film festival, that is presented by the fortnightly published British journal of literary essays, held?|March and April|94|['939', '943']|['london international documentary festival', 'london review of books']|True
hotpot:95|Tysons Galleria is located in what county?|Fairfax County|95|['950', '957']|['mclean virginia', 'tysons galleria']|True
hotpot:96|Bordan Tkachuk was the CEO of a company that provides what sort of products?|IT products and services|96|['962', '963']|['bordan tkachuk', 'viglen']|True
hotpot:97|Which filmmaker was known for animation, Lev Yilmaz or Pamela B. Green?|Levni Yilmaz|97|['976', '978']|['lev yilmaz', 'pamela b green']|True
hotpot:98|In which city is the ambassador of the Rabat-Salé-Kénitra administrative region to China based?|Beijing|98|['981', '987']|['moroccan ambassador to china', 'rabat']|True
hotpot:99|Are Yingkou and Fuding the same level of city?|no|99|['991', '992']|['fuding', 'yingkou']|True
hotpot:100|Where did the descendants of the group of black Indians associated with the Seminole people settle?|Coahuila, Mexico|100|['1000', '1009']|['black seminoles', 'mascogos']|True
hotpot:101|David Huntsinger has worked with this gospel singer born in the month of July?|Larnelle Harris|101|['1011', '1015']|['david huntsinger', 'larnelle harris']|True
hotpot:102|What year was the brother of this first round draft pick by the Washington Redskins drafted?|2003|102|['1023', '1025']|['boss bailey', 'champ bailey']|True
hotpot:103|Where is the stadium at which 1964 Georgia Tech Yellow Jackets football team played their home game located?|North Avenue at Techwood Drive|103|['1037', '1038']|['1964 georgia tech yellow jackets football team', 'bobby dodd stadium']|True
hotpot:104|Since 2 June 2017, The Leader of Fine Gael had been held by which Irish Fine Gael politician who has served as Taoiseach and Minister for Defence?|Leo Varadkar|104|['1042', '1044']|['leader of fine gael', 'leo varadkar']|True
hotpot:105|Which American film actor and dancer starred in the 1945 film Johnny Angel?|George Raft|105|['1051', '1057']|['george raft', 'johnny angel']|True
hotpot:106|hree Men on a Horse is a play by a playwright born in which year ?|1887|106|['1063', '1069']|['george abbott', 'three men on a horse']|True
hotpot:107|What type of activity does Owner earnings and Warren Buffett have in common?|business|107|['1073', '1079']|['owner earnings', 'warren buffett']|True
hotpot:108|When was the  former Indian cricketer who made his ODI debuts during the 2000 ICC KnockOut Trophy born?|7 October 1978|108|['1081', '1083']|['2000 icc knockout trophy', 'zaheer khan']|True
hotpot:109|Which airplane was this Major test-flying after whom the base, that 514th Flight Test Squadron is stated at, is named?|B-17 Flying Fortress bomber|109|['1094', '1095']|['514th flight test squadron', 'hill air force base']|True
hotpot:110|Based on a True Story... is an album by which country music star, with the single My Eyes?|Blake Shelton|110|['1101', '1102']|['based on a true story', 'my eyes blake shelton song']|True
hotpot:111|"Over how many centuries were the ""dwelling place of the dead"" built?"|three centuries|111|['1110', '1113']|['flaming feather', 'montezuma castle national monument']|True
hotpot:112|"When was the British author who wrote the novel on which ""Here We Go Round the Mulberry Bush"" was based born?"|7 January 1936|112|['1126', '1127']|['here we go round the mulberry bush film', 'hunter davies']|True
hotpot:113|Who died first, George Archainbaud or Ralph Murphy?|George Archainbaud|113|['1135', '1136']|['george archainbaud', 'ralph murphy']|True
hotpot:114|Which component of shellite has the formula (ON)CHOH?|picric acid|114|['1142', '1149']|['picric acid', 'shellite explosive']|True
hotpot:115|The Argentine PGA Championship record holder has won how many tournaments worldwide?|230|115|['1153', '1159']|['argentine pga championship', 'roberto de vicenzo']|True
hotpot:116|Suicide's 1977 released album features a song based on what brand's comic character?|Marvel|116|['1168', '1169']|['ghost rider suicide song', 'suicide 1977 album']|True
hotpot:117|What other political position did the person who introduced the DISCLOSE Act hold?|United States Senator|117|['1173', '1177']|['chris van hollen', 'disclose act']|True
hotpot:118|Were the bands Skin Yard and Ostava from the U.S.?|no|118|['1182', '1185']|['ostava', 'skin yard']|True
hotpot:119|Are Daryl Hall and Gerry Marsden both musicians?|yes|119|['1195', '1199']|['daryl hall', 'gerry marsden']|True
hotpot:120|What major truck road is located in Backford Cross?|The A41|120|['1201', '1209']|['a41 road', 'backford cross']|True
hotpot:121|In which role did Caroline Carver played in a 1999 Hallmark Entertainment made-for-TV fantasy movie?|Princess Jessica|121|['1213', '1217']|['caroline carver actress', 'the magical legend of the leprechauns']|True
hotpot:122|What's the name of the fantasy film starring Sarah Bolger, featuring a New England family who discover magical creatures around their estate?|The Spiderwick Chronicles|122|['1224', '1226']|['sarah bolger', 'the spiderwick chronicles film']|True
hotpot:123|Maxeda has been owned since 2004 by which American multinational equity firm?|KKR & Co|123|['1231', '1232']|['kohlberg kravis roberts', 'maxeda']|True
hotpot:124|The youngest daughter of Lady Mary-Gaye Curzon stars with Douglas Smith and Lucien Laviscount  in what 2017 film?|The Bye Bye Man|124|['1241', '1247']|['cressida bonas', 'the bye bye man']|True
hotpot:125|Mummulgum is a stop on the Bruxner Highway before reaching the town on the banks of which river?|Richmond|125|['1252', '1254']|['casino new south wales', 'mummulgum']|True
hotpot:126|"Which American audio engineer and clandestine chemist, who was a key figure in the San Francisco Bay Area hippie movement during the 1960s recorded the album ""Old and in the Way?"""|Owsley Stanley|126|['1266', '1268']|['old and in the way album', 'owsley stanley']|True
hotpot:127|When was the palace founded at which Columba de Dunbar died in 1435?|the late 12th Century|127|['1270', '1278']|['columba de dunbar', 'spynie palace']|True
hotpot:128|Where is the Bubblegum Alley, that is similar to Gum Wall, located in California?|San Luis Obispo, California|128|['1288', '1289']|['gum wall', 'san luis obispo california']|True
hotpot:129|At what venue was the January 2, 2012 game featured the University of Louisville team?|Mercedes-Benz Superdome|129|['1296', '1297']|['2012 louisville cardinals football team', '2013 sugar bowl']|True
hotpot:130|Which film was Oscar nominated, LaLee's Kin: The Legacy of Cotton or Gimme Shelter, the 1970 Rolling Stones documentary?|LaLee's Kin: The Legacy of Cotton|130|['1305', '1307']|['gimme shelter 1970 film', 'lalee s kin the legacy of cotton']|True
hotpot:131|Which board game was published most recently, Pirate's Cove or Catan?|Pirate's Cove|131|['1313', '1317']|['catan', 'pirate s cove']|True
hotpot:132|Alice David is the voice of Lara Croft in a video game developed by which company ?|Crystal Dynamics|132|['1327', '1329']|['alice david', 'tomb raider 2013 video game']|True
hotpot:133|"Which Eminem album included vocals from a singer who had an album titled ""Unapologetic""?"|"""The Marshall Mathers LP 2"""|133|['1336', '1337']|['numb rihanna song', 'the monster song']|True
hotpot:134|"This American crime film set in South Los Angeles was written and directed by the same director and writer of screenwriter of ""Street Kings"", ""End of Watch"", ""Sabotage"", ""Fury"" and what other film?"|Suicide Squad|134|['1344', '1345']|['david ayer', 'harsh times']|True
hotpot:135|SuperMansion starred the actress who had a recurring role as whom on Workaholics?|Jillian Belk|135|['1351', '1356']|['jillian bell', 'supermansion']|True
hotpot:136|The 1974 Texas Tech Raiders football team represented what public research university in Lubbock, Texas?|Texas Tech University|136|['1362', '1363']|['1974 texas tech red raiders football team', 'texas tech university']|True
hotpot:137|During Siege of Bharatpur, which Commander-in-Chief of Ireland and Commander-in-Chief of India contributed to the storming of the castle?|Lord Combermere|137|['1375', '1377']|['siege of bharatpur', 'stapleton cotton 1st viscount combermere']|True
hotpot:138|For what type of work is the production company for The Year Without a Santa Claus best known?|seasonal television specials, particularly its work in stop motion animation|138|['1383', '1386']|['rankin bass productions', 'the year without a santa claus']|True
hotpot:139|"What year was the film that starred the composer for ""The Naked Brothers Band""?"|2014|139|['1394', '1396']|['nat wolff', 'the fault in our stars film']|True
hotpot:140|The author of Sexual Politics attended which British University?|Oxford|140|['1401', '1409']|['kate millett', 'sexual politics']|True
hotpot:141|Who had the best singles ranking, Roberta Vinci or Jorge Lozano?|Roberta Vinci|141|['1413', '1418']|['jorge lozano', 'roberta vinci']|True
hotpot:142|Both Truth in Science and Discovery embrace what campaign?|"""Teach the Controversy"" campaign"|142|['1421', '1425']|['discovery institute', 'truth in science']|True
hotpot:143|Josey Scott and Ian Watkins were both promising musicians. Which of these talented men was incarcerated, impacting his career with a rock band?|Lostprophets disbanded in 2013 after Watkins was charged with sexual offences in late 2012.|143|['1433', '1440']|['ian watkins lostprophets', 'josey scott']|True
hotpot:144|The movies Queen of Blood and Battle Beyond the Sun both contained scenes from what 1959 Soviet feature?|Nebo Zovyot|144|['1446', '1449']|['battle beyond the sun', 'queen of blood']|True
hotpot:145|Who was born first, Erika Jayne or Marco Da Silva|Erika Jayne|145|['1451', '1457']|['erika jayne', 'marco da silva dancer']|True
hotpot:146|When did the English local newspaper, featuring the sculpture and war memorial in the Forbury gardens, change names?|2009|146|['1465', '1466']|['maiwand lion', 'reading post']|True
hotpot:147|What is the name of the Isles who were led by Aonghus Mór and covered a total land area of over 8300 km2?|Kingdom of the Isles|147|['1472', '1479']|['aonghus mór', 'kingdom of the isles']|True
hotpot:148|Who is Bruce Spizer an expert on, known as the most influential act of the rock era?|The Beatles|148|['1481', '1489']|['bruce spizer', 'the beatles']|True
hotpot:149|"Which song was behind the third single on the album  ""A Lot About Livin' (And a Little 'bout Love)"" for two weeks on the country charts?"|"""We'll Burn That Bridge"""|149|['1493', '1497']|['chattahoochee song', 'we ll burn that bridge']|True
hotpot:150|What occupation was shared by David Yates and Pietro Germi?|director|150|['1505', '1508']|['david yates', 'pietro germi']|True
hotpot:151|Marcus Wayne Garland spent nine seasons with an American professional baseball team that is based in Baltimore, Maryland, and was one of the AMerican League's original eight charter franchises when the league was established in what year?|1901|151|['1514', '1519']|['baltimore orioles', 'wayne garland']|True
hotpot:152|The lamp used in many lighthouses is similiar to this type of lamp patented in 1780 by Aimé Argand?|Argand lamp|152|['1521', '1528']|['argand lamp', 'lewis lamp']|True
hotpot:153|"The songs from the sountrack to ""When Harry Met Sally"" are performed by a singer that has had how many top 20 US albums?"|seven|153|['1531', '1537']|['harry connick jr', 'when harry met sally soundtrack']|True
hotpot:154|Are Broughtonia and Laeliocattleya both orchids?|yes|154|['1545', '1547']|['broughtonia', 'laeliocattleya']|True
hotpot:155|Where was the world cup hosted that Algeria qualified for the first time into the round of 16?|Brazil|155|['1555', '1557']|['2014 fifa world cup', 'algeria at the fifa world cup']|True
hotpot:156|Which was fought earlier in our nation's history, the Seven Days Battles or the Battle of Manila?|The Seven Days Battles|156|['1562', '1568']|['battle of manila 1945', 'seven days battles']|True
hotpot:157|What retailer in ABQ Uptown is headquarted in Poole, Dorset, United Kingdom?|Lush Ltd.|157|['1577', '1580']|['abq uptown', 'lush company']|True
hotpot:158|What football club plays in the area between the old tool gates: Brook Bar and Trafford bar?|Manchester United|158|['1581', '1585']|['manchester united f c in european football', 'old trafford greater manchester']|True
hotpot:159|"The song ""Chim Chim Cher-ee"" can be heard  in the ""Mary Poppins"" scene of a Disney ride that debuted in what year?"|1989|159|['1597', '1600']|['chim chim cher ee', 'the great movie ride']|True
hotpot:160|Who held the record for the longest service in the Australian Parliament for a woman, and was surpassed by  a former Australian politician who was the 29th Speaker of the House of Representatives?|Kathryn Jean Martin|160|['1601', '1604']|['bronwyn bishop', 'kathy sullivan australian politician']|True
hotpot:161|Which man who presented the Australia 2022 FIFA World Cup bid was born on October 22, 1930?|Frank Lowy|161|['1611', '1620']|['australia 2022 fifa world cup bid', 'frank lowy']|True
hotpot:162|What major city is the Faith Lutheran Middle School and High School located by?|Las Vegas|162|['1624', '1625']|['faith lutheran middle school amp high school', 'summerlin nevada']|True
hotpot:163|What British singer-songwriter hosted the 16th Annual Young Hollywood Awards?|Kelly Lee Osbourne|163|['1633', '1637']|['2014 young hollywood awards', 'kelly osbourne']|True
hotpot:164|Who did the Star and Dagger bass player marry?|Sean Yseult.|164|['1644', '1650']|['sean yseult', 'supagroup']|True
hotpot:165|In 2017, what was 3/4th of the organization that also has a Center for Veterinary Medicine as well as part of the U.S. Department of Health and Human Services, spent on?|Prescription Drug User Fee Act|165|['1654', '1657']|['food and drug administration', 'melarsomine']|True
hotpot:166|Which came out first, Dinosaur or McFarland, USA|Dinosaur|166|['1666', '1668']|['dinosaur film', 'mcfarland usa']|True
hotpot:167|Both Bishop Carroll Catholic High School and Kapaun Mt. Carmel Catholic High School are located in which city in Kansas?|Wichita|167|['1674', '1675']|['bishop carroll catholic high school', 'kapaun mt carmel catholic high school']|True
hotpot:168|What was the 58th quadrennial American presidential election held after the 2016 Michigan Democratic primary?|United States presidential election of 2016|168|['1682', '1685']|['michigan democratic primary 2016', 'united states presidential election 2016']|True
hotpot:169|This Celtic ruler who was born in AD 43 ruled southeastern Britain prior to conquest by which empire?|Roman|169|['1696', '1699']|['catuvellauni', 'togodumnus']|True
hotpot:170|"What is the name of the detective novelist parent of the author of '""Q"" Is for Quarry'?"|C. W. Grafton|170|['1701', '1704']|['quot q quot is for quarry', 'sue grafton']|True
hotpot:171|What is the birthplace of the Senator who represents the first of 62 districts in the State Senate?|Brooklyn, New York|171|['1711', '1714']|['kenneth lavalle', 'new york s 1st state senate district']|True
hotpot:172|The Memphis Hustle are based in a suburb of a city with a population of what in 2010?|48,982|172|['1728', '1729']|['memphis hustle', 'southaven mississippi']|True
hotpot:173|"Which songwriting duo composed music for ""La La Land"", and created lyrics for ""A Christmas Story: The Musical""?"|Pasek & Paul|173|['1733', '1739']|['a christmas story the musical', 'pasek and paul']|True
hotpot:174|Which of the city at the south of Shelly Beach, New South Wales is a local government area in the Hunter region of New South Wales, Australia?|City of Newcastle|174|['1747', '1748']|['city of newcastle', 'shelly beach new south wales']|True
hotpot:175|Are Bamboo Mañalac and Danny Jones both musicians?|yes|175|['1753', '1756']|['bamboo mañalac', 'danny jones']|True
hotpot:176|Works by Hanna Leena Kristiina Varis are part of a collection in a museum that houses approximately 65,000 what?|drawings|176|['1768', '1769']|['albertina', 'hanna varis']|True
hotpot:177|When was the Western Germanic language spoken from which the small settlement situated on the river Leda opposite Leer derives its name?|between the 8th and 16th centuries|177|['1775', '1780']|['leda river', 'old frisian']|True
hotpot:178|Born on 6 March 1937, this man was also a citizen of the United Kingdom.|Alistair Grant|178|['1782', '1783']|['alistair grant', 'british people']|True
hotpot:179|What country does Hatton Hill and Hatton Castle, Angus have in common?|Scotland|179|['1794', '1799']|['hatton castle angus', 'hatton hill']|True
hotpot:180|What podcast was the cheif executive officer of Nerdist Industries a guest on?|Comedy Film Nerds|180|['1802', '1806']|['chris hardwick', 'comedy film nerds']|True
hotpot:181|Randall Cunningham II was a multi-sport athlete at the high school located in what Nevada city?|Summerlin|181|['1815', '1816']|['bishop gorman high school', 'randall cunningham ii']|True
hotpot:182|"Which English musician is known for both the songs ""See Yourself"" and ""Withing You Without You""?"|George Harrison|182|['1824', '1831']|['see yourself', 'within you without you']|True
hotpot:183|"Which professional ice hockey position does the Captain of the National Hockey League All-Star Game ""Away Team"" play?"|Canadian professional ice hockey centre|183|['1833', '1838']|['60th national hockey league all star game', 'jonathan toews']|True
hotpot:184|"What year did the series on CBS, starring the actor who known for his role in ""Rebel Without a Cause,"" air?"|1952|184|['1844', '1848']|['cbs television workshop', 'james dean']|True
hotpot:185|"What season was the character introduced that becomes the main antagonist in the  following season, from the animated television series created by Bryan Konietzko and Michael Dante DiMartino as a sequel to """", which aired from 2005 to 2008?"|third|185|['1858', '1859']|['kuvira', 'the legend of korra']|True
hotpot:186|"Who were the directors of the 2009 American science fiction film starring the actor who played Dexter Morgan in the Showtime TV Network series ""Dexter""?"|Mark Neveldine and Brian Taylor|186|['1867', '1871']|['gamer film', 'michael c hall']|True
hotpot:187|"Which travel parody series featured American actor, comedian, and radio host best known as the host of ""The Joe Schmo Show""?"|Hidden America with Jonah Ray|187|['1876', '1879']|['hidden america with jonah ray', 'ralph garman']|True
hotpot:188|Do The Importance of Being Icelandic and The Five Obstructions belong to different film genres ?|no|188|['1889', '1890']|['the five obstructions', 'the importance of being icelandic']|True
hotpot:189|Tefik Selim Mborja was a part of a party that held power in Albania until what year?|1943|189|['1898', '1899']|['albanian fascist party', 'tefik mborja']|True
hotpot:190|Joe Walker played for which team that ends their regular season with the Civil War rivalry game?|Oregon Ducks football|190|['1902', '1908']|['joe walker american football', 'oregon ducks football']|True
hotpot:191|"What station broadcast the episode ""Marry Me a Little, Marry Me a Little More"" , of the series created by Max Mutchnick and David Kohan?"|National Broadcasting Company|191|['1914', '1921']|['marry me a little marry me a little more', 'will amp grace']|True
hotpot:192|Georges-Henri Bousquet translated the work of a historian who is of what heritage?|North African Arab|192|['1922', '1930']|['georges henri bousquet', 'ibn khaldun']|True
hotpot:193|In which city are the headquarters of the American research and scientific development company where Ravi Sethi worked as computer scientist located?|Murray Hill|193|['1934', '1939']|['bell labs', 'ravi sethi']|True
hotpot:194|What is the full name of the viral respiratory disease in which Yi Guan's research helped to prevent the outbreak of?|severe acute respiratory syndrome|194|['1942', '1945']|['timeline of the sars outbreak', 'yi guan']|True
hotpot:195|Which Kentucky Writers Hall of Fame author has had works published by Dim Gray Bar Press?|Wendell Berry|195|['1956', '1960']|['dim gray bar press', 'wendell berry']|True
hotpot:196|What director worked with Vikram Bhatt on a film starring actors Rajneesh Duggal and Adah Sharma?|Tinu Suresh Desai|196|['1963', '1970']|['1920 film', '1920 film series']|True
hotpot:197|Robert Smith founded the multinational company headquartered in what city?|Golden Valley, Minnesota,|197|['1976', '1977']|['general mills', 'robert smith illinois politician']|True
hotpot:198|What amount was the settlement that the character from the Son of al Quada got in 2017?|$10.5 million|198|['1983', '1991']|['omar khadr', 'son of al qaeda']|True
hotpot:199|Considered the strongest recorded tropical cyclone, which cyclone had a film made about it in 2007?|1999 Odisha cyclone|199|['1993', '1995']|['1999 odisha cyclone', 'kathantara']|True
hotpot:200|The 2000 British film Snatch was later adapted into a television series for what streaming service?|Crackle|200|['2002', '2004']|['snatch film', 'snatch tv series']|True
hotpot:201|Chris Williams last played for which football club from the National League North?|Salford City Football Club|201|['2016', '2020']|['chris williams english footballer', 'salford city f c']|True
hotpot:202|Who designed the hotel that held the IFBB professional bodybuilding competition in September 1991?|architect Michael Graves|202|['2027', '2029']|['1991 mr olympia', 'walt disney world dolphin']|True
hotpot:203|At the 71st Golden Globe Awards for television in 2013, what achievement did Breaking Bad, police sitcom Brooklyn Nine-Nine and American Hustle attain?|multiple awards|203|['2032', '2036']|['71st golden globe awards', 'brooklyn nine nine']|True
hotpot:204|Which actor does American Beauty and American Beauty have in common?|Kevin Spacey|204|['2050', '2051']|['american beauty 1999 film', 'american beauty soundtrack']|True
hotpot:205|Onika Tanya Maraj is a judge on a television show hosted by whom?|Ryan Seacrest|205|['2054', '2058']|['american idol season 12', 'nicki minaj']|True
hotpot:206|Are Hot Rod and The Memory of Our People both magazines?|yes|206|['2068', '2069']|['hot rod magazine', 'the memory of our people']|True
hotpot:207|Who was Chamberlain and Colonel of the military staff of The Merrie Monarch?|Colonel Charles Hastings Judd|207|['2074', '2080']|['charles hastings judd', 'kalākaua']|True
hotpot:208|Who has written more than 300 papers, Semyon Aranovich Gershgorin or Pavel Alexandrov?|Pavel Sergeyevich Alexandrov|208|['2084', '2088']|['pavel alexandrov', 'semyon aranovich gershgorin']|True
hotpot:209|Which post DC Extended Universe actress will also play a role in what is intended to be the fifth installment of the DC Extended Universe?|Gal Gadot|209|['2097', '2099']|['gal gadot', 'justice league film']|True
hotpot:210|Who was the captain of the only battleship to provide gunfire support during the Vietnam War?|Rear Adm. J. Edward Snyder|210|['2102', '2105']|['j edward snyder', 'uss new jersey bb 62']|True
hotpot:211|The Polar Bears featuring the voice of Armie Hammer, is also the same voice actor for which character in Cars 3?|Jackson Storm|211|['2114', '2115']|['armie hammer', 'the polar bears']|True
hotpot:212|Which tower is taller, 712 Fifth Avenue or Manhattan Life Insurance Building?|712 5th Avenue|212|['2126', '2129']|['712 fifth avenue', 'manhattan life insurance building']|True
hotpot:213|Is the Pakistan fast bowler who joined the Kent County Cricket Club in June, 2011 a left-hand or right-hand batsmans?|right-hand|213|['2139', '2141']|['kent county cricket club in 2011', 'wahab riaz']|True
hotpot:214|Who was born first, Arthur Conan Doyle or Penelope Lively?|Arthur Ignatius Conan Doyle|214|['2145', '2148']|['arthur conan doyle', 'penelope lively']|True
hotpot:215|The Tennessee Volunteers football team plays as a member for a conference in what city?|Birmingham, Alabama|215|['2152', '2154']|['1984 tennessee volunteers football team', 'southeastern conference']|True
hotpot:216|Ernest Foot was the best friend of the fighter pilot who had how many victories?|44|216|['2163', '2168']|['albert ball', 'ernest foot']|True
hotpot:217|From March 631 to April 631, Farrukhzad Khosrau V was the king of an empire that succeeded which empire?|the Parthian Empire|217|['2174', '2180']|['farrukhzad khosrow v', 'sasanian empire']|True
hotpot:218|Which suburb is a soap opera featuring a character named Beverly Marshall set in?|Erinsborough|218|['2184', '2189']|['beverly marshall', 'ramsay street']|True
hotpot:219|Which country did the Falkland Islands beat in the 2010 Commonwealth games that has eleven administrative divisions?|Samoa|219|['2196', '2201']|['gerald reive', 'samoa']|True
hotpot:220|"Which Netflix series ""Unbreakable"" character is Elizabeth Claire Kemper known for playing?"|"Kimberly Couger ""Kimmy"" Schmidt"|220|['2202', '2208']|['ellie kemper', 'kimmy schmidt']|True
hotpot:221|"Which television series featured an actor who also performed in ""The Young Ones""?"|"""The Comic Strip Presents..."""|221|['2212', '2220']|['ade edmondson', 'bad news band']|True
hotpot:222|Are both Dafeng District and Dazhou located in the same province?|no|222|['2224', '2225']|['dafeng district', 'dazhou']|True
hotpot:223|In what century did this Native warrior and chief, whose brother Tenskwatawa led the Tippecanoe order of battle, become the primary leader of a large, multi tribal confederacy?|nineteenth|223|['2228', '2230']|['tecumseh', 'tippecanoe order of battle']|True
hotpot:224|What film was written and directed by Joby Harold with music written by Samuel Sim?|Awake|224|['2243', '2244']|['awake film', 'samuel sim']|True
hotpot:225|What is the name of the ethnic group who settled in Canada in the 17th century that participated in a conflict with Irish Catholic immigrants in the Shiners' War?|French Canadians|225|['2252', '2255']|['french canadians', 'shiners war']|True
hotpot:226|The author of The Thing of It Is... is what Nationality?|American|226|['2257', '2259']|['the thing of it is', 'william goldman']|True
hotpot:227|How long is the bridge in the Öresund Region that connect Copenhagen, Denmark and Malmo, Sweden?|8 km|227|['2271', '2273']|['øresund bridge', 'øresund region']|True
hotpot:228|"Martin Patterson ""Pat"" Hingle was a close friend of an actor who achieved success in what Western TV series?"|Rawhide|228|['2280', '2281']|['clint eastwood', 'pat hingle']|True
hotpot:229|Is the Marsilea or the Brabejum the genus of more individual species of plants?|Marsilea|229|['2289', '2292']|['brabejum', 'marsilea']|True
hotpot:230|What building is opposite the ceremonial meeting place of the Accession Council in the United Kingdom?|Mark Masons' Hall|230|['2303', '2307']|['mark masons hall london', 'st james s palace']|True
hotpot:231|What material did a hairdresser from Yorkshire, England invent that was named by his granddaughter?|Starlite|231|['2310', '2313']|['maurice ward', 'starlite']|True
hotpot:232|One Raffles Place is one of the tallest skyscrapers in the city of Singapore and tallest in the wolrd outside North America until it was succeeded by a Building in city?|Hong Kong|232|['2320', '2321']|['bank of china tower hong kong', 'one raffles place']|True
hotpot:233|Which case came first, Craig v. Boren or United States v. Paramount Pictures, Inc.?|Craig v. Boren|233|['2330', '2334']|['craig v boren', 'united states v paramount pictures inc']|True
hotpot:234|What is the nickname of the city where Darling's Waterfront Pavilion is located?|"""Queen City"""|234|['2340', '2344']|['bangor maine', 'darling s waterfront pavilion']|True
hotpot:235|The Kansas City Wizards have had three home venues in Kansas City in their time.  Which was their first?|Arrowhead Stadium|235|['2349', '2350']|['children s mercy park', 'communityamerica ballpark']|True
hotpot:236|Henry Hall is known for fighting in the Revolutionary War, and for being the first to successfully cultivate this food found in what type of bogs?|acidic|236|['2363', '2364']|['cranberry', 'henry hall american revolution']|True
hotpot:237|A scam involving a male calling small town fast-food restaurants and pretending to be a police officer to have them strip search employees was turned into a movie of what name?|Compliance|237|['2368', '2369']|['compliance film', 'strip search phone call scam']|True
hotpot:238|What airport serviced by American Airlines Shuttle, is also the largest airport in the New England region and 17th busiest in the U.S?|Logan International Airport|238|['2381', '2384']|['american airlines shuttle', 'logan international airport']|True
hotpot:239|Which genus has more species, Xanthoceras or Ehretia?|Ehretia|239|['2388', '2389']|['ehretia', 'xanthoceras']|True
hotpot:240|What arcade game is named after the only player in major league history to have a 0.300 batting average for 7 consecutive seasons?|a pinball machine|240|['2393', '2395']|['frank thomas big hurt', 'frank thomas designated hitter']|True
hotpot:241|What american actress/singer born in 1956 recorded the song Something there for beauty and the beast?|Donna Paige Helmintoller|241|['2408', '2409']|['paige o hara', 'something there']|True
hotpot:242|Which professional baseball player and National 1993 Baseball Hall of Fame inductee is featured in the Greatest Sports Legends anthology?|"Reginald Martinez ""Reggie"" Jackson"|242|['2411', '2412']|['greatest sports legends', 'reggie jackson']|True
hotpot:243|Salisbury Woodland Gardens links a zoo with a park designed and built under the watchful eye of who?|Thomas Mawson|243|['2422', '2425']|['salisbury woodland gardens blackpool', 'stanley park blackpool']|True
hotpot:244|What class of instrument does Apatim Majumdar play?|strings|244|['2430', '2431']|['apratim majumdar', 'sarod']|True
hotpot:245|Jamie Harris is best known for his role as The Hook-Handed Man in a movie directed by who ?|Brad Silberling|245|['2441', '2443']|['jamie harris actor', 'lemony snicket s a series of unfortunate events']|True
hotpot:246|How many laps did Harry Prowell run during the 10,000 metres race at the 1967 Pan American Games?|25 laps|246|['2454', '2456']|['10 000 metres', 'harry prowell']|True
hotpot:247|Are  Chrysalis and Look both women's magazines?|yes|247|['2463', '2466']|['chrysalis magazine', 'look uk magazine']|True
hotpot:248|Which author has won more Pulitzer Prizes, Thomas Friedman or Henri Bergson?|Thomas Loren Friedman|248|['2474', '2475']|['henri bergson', 'thomas friedman']|True
hotpot:249|Yoann Lemoine, a French video director, has created music videos for Lana Del Rey, Katy Perry, and an orchestral country pop ballad by which top pop artist?|Taylor Swift|249|['2481', '2484']|['back to december', 'yoann lemoine']|True
hotpot:250|In what city can a person find both the Nusretiye Clock Tower and the Eski Imaret Mosque be found?|Istanbul, Turkey|250|['2493', '2498']|['eski imaret mosque', 'nusretiye clock tower']|True
hotpot:251|What is Opry Mills in Nashville, Tennessee?|super-regional shopping mall|251|['2500', '2512']|['music city queen', 'opry mills']|True
hotpot:252|Spaceware Sky Division II is manufactured by this subsidiary, which is one of twelve subdivisions of Inner Mongolia, China?|Ordos City|252|['2513', '2515']|['ordos city', 'spaceware sky vision ii']|True
hotpot:253|Which director had the longest career, Alain Resnais or Scott Sidney?|Scott Sidney|253|['2528', '2532']|['alain resnais', 'scott sidney']|True
hotpot:254|in 1999, Spirit Halloween LLC was purchased by a mall retailer that has how many stores in the United States and Canada ?|over 600 stores|254|['2534', '2541']|['spencer gifts', 'spirit halloween']|True
hotpot:255|James Fieser received his B.A. from what liberal arts work college that was founded in 1855?|Berea College|255|['2549', '2550']|['berea college', 'james fieser']|True
hotpot:256|What year did Roy Rogers and his third wife star in a film directed by Frank McDonald?|1945|256|['2555', '2560']|['along the navajo trail film', 'dale evans']|True
hotpot:257|"The name ""Mountbatten-Windsor"" applies to male-line descendants of the Queen without royal styles and titles which is a Eurpean dynasty resulting in what family?"|Mountbatten family|257|['2563', '2568']|['mountbatten family', 'mountbatten windsor']|True
hotpot:258|Who is known for producing the documentary television series based on the book by science historian James Burke?|James Burke|258|['2577', '2582']|['connections tv series', 'james burke science historian']|True
hotpot:259|which is larger Asante Traditional Buildings or Gulangyu?|Gulangyu|259|['2586', '2587']|['asante traditional buildings', 'gulangyu']|True
hotpot:260|Armageddon in Retrospect was written by the author who was best known for what 1969 satire novel?|Slaughterhouse-Five|260|['2593', '2602']|['armageddon in retrospect', 'kurt vonnegut']|True
hotpot:261|Patrick Kennedy is known for his collections of Irish  folktales from a province situated in which part of Ireland ?|the east of Ireland|261|['2603', '2606']|['leinster', 'patrick kennedy folklorist']|True
hotpot:262|What NIFL Premier Intermediate League team did Sean Connor play for?|Distillery|262|['2613', '2621']|['lisburn distillery f c', 'sean connor']|True
hotpot:263|Which character does this protagonist, who secretly loves and marries a member of the rival house, of William Shakespeare's tragedy that has a fictional character Benvolio slay?|Tybalt|263|['2626', '2632']|['benvolio', 'romeo']|True
hotpot:264|"What was the name of the fanzine that interviewed the Sex Pistols bassist when he was in the band ""The Flowers of Romance?"""|SKUM|264|['2635', '2638']|['sid vicious', 'the flowers of romance band']|True
hotpot:265|What, known as AAS, is commonly used in bodybuilding?|Anabolic steroids|265|['2649', '2651']|['anabolic steroid', 'steroid use in australia']|True
hotpot:266|"Which American character actor who starred on the television series ""Stargate SG-1"" (1997–2007) and appeared in ""Episode 8"" of ""Twin Peaks"" as a guest star?"|Don S. Davis|266|['2653', '2654']|['don s davis', 'episode 8 twin peaks']|True
hotpot:267|Candy Coburn has shared the stage with an American country music group with who playing guitar?|Charles Kelley|267|['2667', '2669']|['candy coburn', 'lady antebellum']|True
hotpot:268|What is the population according to the 2007 population census of the city in which the National Archives and Library of Ethiopia is located?|3,384,569|268|['2678', '2682']|['addis ababa', 'national archives and library of ethiopia']|True
hotpot:269|Which composer created Night Ferry first performed in 2012 at Symphony Center in Chicago?|Anna Clyne|269|['2688', '2691']|['night ferry composition', 'symphony center']|True
hotpot:270|To which aircraft carrier was the VMF-213 Marine Fighting Squadron assigned to durning World War II?|USS Essex|270|['2697', '2698']|['uss essex cv 9', 'vmf 213']|True
hotpot:271|Can Stenocereus and Pachypodium both include tree like plants?|yes|271|['2709', '2712']|['pachypodium', 'stenocereus']|True
hotpot:272|What movie did Pitof direct which had an action-adventure tie-in video game based off of it in 2004?|Catwoman|272|['2715', '2718']|['catwoman film', 'catwoman video game']|True
hotpot:273|"on 16 January 1995 ""First Knight"" was being filmed at a studio located how far from Windsor ?"|7 miles|273|['2725', '2729']|['filming of james bond in the 1990s', 'pinewood studios']|True
hotpot:274|"What is the name of the actress who has received a Drama Desk award and was part of the cast album for the 2007 Broadway production of the hit musical, ""Grease""?"|Laura Ann Osnes|274|['2735', '2741']|['grease the new broadway cast recording', 'laura osnes']|True
hotpot:275|Marion Greene was a health policy analyst for St. Judt Medical company, which had how many principal operations worldwide?|20|275|['2745', '2748']|['marion greene', 'st jude medical']|True
hotpot:276|Which Genus has more species Eucryphia or Lepidozamia ?|Eucryphia|276|['2753', '2754']|['eucryphia', 'lepidozamia']|True
hotpot:277|In what city was the Italian Baroque composer who composed a set of sonatas, titled Op. 5, born?|Venice|277|['2756', '2762']|['antonio vivaldi', 'six violin sonatas op 5 vivaldi']|True
hotpot:278|"Meaning ""reddish water"" in Hawaiian, which location was Butch Van Artsdalen known for surfing 25-foot waves at?"|Waimea Bay|278|['2770', '2772']|['butch van artsdalen', 'waimea bay hawaii']|True
hotpot:279|What type of magazine is Eugene Habecker the chairman of?|evangelical Christian periodical|279|['2775', '2780']|['christianity today', 'eugene habecker']|True
hotpot:280|"Flyboys stars which actor who was nominated for an Academy Award for ""127 Hours""?"|James Franco|280|['2785', '2789']|['flyboys film', 'james franco']|True
hotpot:281|"The English actor Kris Marshall played which character in the highly rated comedy-drama television series ""Death in Paradise""?"|DI Humphrey Goodman|281|['2799', '2802']|['death in paradise tv series', 'kris marshall']|True
hotpot:282|In what month was the relief first officer of the flight that crashed on its way to Cairo with a stop in New York Born?|February|282|['2807', '2808']|['egyptair flight 990', 'gameel al batouti']|True
hotpot:283|Which film was released first: Sacred Planet or Oz the Great and Powerful?|Sacred Planet|283|['2815', '2824']|['oz the great and powerful', 'sacred planet']|True
hotpot:284|I'd Come for You is a single by the band formed in what Alberta city?|Hanna|284|['2827', '2828']|['i d come for you', 'nickelback']|True
hotpot:285|Who is older, Ferdi Taygan or Mahesh Bhupathi?|Ferdi Taygan|285|['2837', '2838']|['ferdi taygan', 'mahesh bhupathi']|True
hotpot:286|Other than racing, what sport does the 1998 champion of the Toyota GRand Prix practice?|paracyclist|286|['2845', '2853']|['1998 toyota grand prix of long beach', 'alex zanardi']|True
hotpot:287|Where did Ian Harland study prior to studying at the oldest college at the University of Cambridge?|The Dragon School in Oxford|287|['2862', '2863']|['ian harland', 'peterhouse cambridge']|True
hotpot:288|In what 1997 American mystery crime film did Johnny Galecki start in?|Suicide Kings|288|['2867', '2868']|['johnny galecki', 'suicide kings']|True
hotpot:289|"Which came to market first, ""Hey Pa! There's a Goat on the Roof"" or ""Poleconomy"""|Hey Pa! There's a Goat on the Roof|289|['2876', '2877']|['hey pa there s a goat on the roof', 'poleconomy']|True
hotpot:290|What record did the Super Bowl XXXIV champions finish the regular-season with in 1999?|a record of 13–3|290|['2887', '2891']|['1999 st louis rams season', '2000 tennessee titans season']|True
hotpot:291|What is the population of the town at the intersection of Interstate Highways 77 and  the longest Interstate highway within the borders of Virginia?|8,211 at the 2010 census|291|['2897', '2902']|['interstate 81 in virginia', 'wytheville virginia']|True
hotpot:292|What was the nickname of the hitman hired by an Italian American Criminal Organization?|The Crowned Prince of the Philadelphia Mob|292|['2905', '2908']|['philadelphia crime family', 'salvatore testa']|True
hotpot:293|What was the position of Jean Baptiste Androuet du Cerceau under the man who was King of the Polish-Lithuanian Commonwealth from 1573 to 1575?|supervisor of the royal works|293|['2920', '2923']|['henry iii of france', 'jean baptiste androuet du cerceau']|True
hotpot:294|"Which American music star appeared as a guest in a Will & Grace episode called ""Back Up, Dancer""?"|Janet Damita Jo Jackson|294|['2929', '2934']|['back up dancer', 'janet jackson']|True
hotpot:295|What army did the namesake of the ship launched as the München in 1930 fight in during the American Revolutionary War?|Continental Army|295|['2935', '2944']|['friedrich wilhelm von steuben', 'ss general von steuben']|True
hotpot:296|The Church of the Guanche People was founded in the city that is on the most populated island of what larger area?|Macaronesia|296|['2948', '2952']|['church of the guanche people', 'tenerife']|True
hotpot:297|What officially ended the first phase of the military conflict between the British Raj and the Emirate of Afghanistan from 1878 to 1880?|Treaty of Gandamak|297|['2956', '2959']|['second anglo afghan war', 'treaty of gandamak']|True
hotpot:298|The mass killing that took place at Oakland, California on April 2, 2012 was less deadly than the one that took place on October 1, 2015 in which state?|Oregon|298|['2969', '2975']|['oikos university shooting', 'umpqua community college shooting']|True
hotpot:299|"When did the rock band that sang ""All Join Hands"" rise to prominence?"|early 1970s|299|['2981', '2985']|['all join hands', 'slade']|True
hotpot:300|Where is the company that owns thanKing Horse pub restaurant chain based ?|Bury St Edmunds,|300|['2986', '2990']|['greene king', 'hungry horse']|True
hotpot:301|What is the uppermost age range for the sort of fiction written by Alexander Gordon Smith?|early 20s|301|['2996', '2998']|['alexander gordon smith', 'young adult fiction']|True
hotpot:302|"What is the birthday of the actress who was the Duchess in ""The Revengers Tragedy""?"|23 November 1946|302|['3008', '3010']|['diana quick', 'revengers tragedy']|True
hotpot:303|Which film starring Patrick Tatten is based on a book written by Steve Lopez?|The Soloist|303|['3020', '3021']|['patrick tatten', 'the soloist']|True
hotpot:304|Are Skeptical Inquirer and The Progressive Populist both tabloid-style magazines?|no|304|['3026', '3032']|['skeptical inquirer', 'the progressive populist']|True
hotpot:305|"The 1984 film ""Marlene"" is a documentary about an actress born in what year?"|1901|305|['3038', '3044']|['marlene 1984 film', 'marlene dietrich']|True
hotpot:306|Which former mill town is near Rivington Hall Barn?|Bolton|306|['3051', '3054']|['bolton', 'rivington hall barn']|True
hotpot:307|What prolific English engineer, who died on 15 December 1857, contributed to the advent of the hot air engine by way of their open cycle devices?|George Cayley|307|['3058', '3062']|['george cayley', 'hot air engine']|True
hotpot:308|Which dog is considered a giant dog breed, the  Leonberger or the Basset Hound?|The Leonberger is a giant dog breed.|308|['3071', '3072']|['basset hound', 'leonberger']|True
hotpot:309|Are Staten Island Catapult and This Is Elvis both documentaries?|yes|309|['3078', '3082']|['staten island catapult', 'this is elvis']|True
hotpot:310|What is the year of the event that occured first, Making Today a Perfect Day was produced, or Frozen was produced?|2013|310|['3088', '3089']|['frozen fever', 'making today a perfect day']|True
hotpot:311|Which magazine is published more often, Shonen Jump or Rolling Stone?|Rolling Stone|311|['3097', '3099']|['rolling stone', 'shonen jump magazine']|True
hotpot:312|Where is the Cocoa Krispies and former Superman sponsor located?|Battle Creek, Michigan|312|['3109', '3115']|['adventures of superman tv series', 'kellogg s']|True
hotpot:313|Who was born first Am Rong or Ava DuVernay ?|Am Rong|313|['3116', '3120']|['am rong', 'ava duvernay']|True
hotpot:314|How many days did it take the Best New Artist of 2009 to sell 2 million copies of an album in the UK and break a twenty year old record?|29|314|['3132', '3136']|['adele', 'robson amp jerome album']|True
hotpot:315|"""Ew!"" is a song by a television host born where?"|Bay Ridge, Brooklyn|315|['3142', '3143']|['ew', 'jimmy fallon']|True
hotpot:316|The northern English anglian Kingdom in the Humber estuary spoke what dialect of english?|Northumbrian|316|['3147', '3155']|['kingdom of northumbria', 'northumbrian dialect']|True
hotpot:317|What Kentucky county has a population of 60,316 and features the Lake Louisvilla neighborhood?|Oldham County|317|['3158', '3162']|['lake louisvilla louisville', 'oldham county kentucky']|True
hotpot:318|Are both Duke Energy and Affiliated Managers Group based in Massachusetts?|no|318|['3172', '3175']|['affiliated managers group', 'duke energy']|True
hotpot:319|Two positions were filled in The Voice of Ireland b which British-Irish girl group based in London, England?|The Saturdays|319|['3183', '3185']|['the saturdays', 'the voice of ireland series 4']|True
hotpot:320|Who was also an actor, Serri or John Fogerty?|Serri|320|['3189', '3193']|['john fogerty', 'serri singer']|True
hotpot:321|What is the international football competition for women that Liu Ailing played in the 1991,1995, 1999 editions?|international football competition|321|['3200', '3205']|['fifa women s world cup', 'liu ailing']|True
hotpot:322|Rock Springs is a collection of short stories by an author born in what year?|1944|322|['3210', '3211']|['richard ford', 'rock springs short story collection']|True
hotpot:323|Folie à Deux is a studio album by the American rock band formed in which city?|Wilmette|323|['3217', '3222']|['fall out boy', 'folie à deux album']|True
hotpot:324|This work of literature _______ , known by its Greek title Oedipus Tyrannus was argued by Sigmund Freud to be one of the greatest works of world literature in his 1928 article.|Oedipus Rex|324|['3230', '3233']|['dostoevsky and parricide', 'oedipus rex']|True
hotpot:325|Katherine Waterston and Chrisann Brennan has what in common?|Steve Jobs|325|['3241', '3244']|['chrisann brennan', 'katherine waterston']|True
hotpot:326|"The voice of Homer Simpson also voices what alien character in the television series ""The Simpsons""?"|Kodos|326|['3252', '3254']|['dan castellaneta', 'kang and kodos']|True
hotpot:327|What studio album did Kanye West record with Roc-A-Fella Records and soul singer Dwele?|My Beautiful Dark Twisted Fantasy|327|['3260', '3266']|['my beautiful dark twisted fantasy', 'power kanye west song']|True
hotpot:328|Were Enrique Carreras and Lionel Ngakane both filmakers during the 20th century?|yes|328|['3270', '3276']|['enrique carreras', 'lionel ngakane']|True
hotpot:329|The city that contains the Yunnan Provincial Museum is also known by what nickname?|Spring city|329|['3282', '3284']|['kunming', 'yunnan provincial museum']|True
hotpot:330|"Where is the singer of ""B Boy"" raised?"|Philadelphia|330|['3295', '3296']|['b boy song', 'meek mill']|True
hotpot:331|The Column of Saint Zanobi  is a monumental marble column located just north of religious building with the status of what?|a minor basilica|331|['3301', '3304']|['colonna di san zanobi florence', 'florence baptistery']|True
hotpot:332|The Ingerophrynus gollum is named after a character in a book that sold how many copies?|150 million copies|332|['3309', '3310']|['ingerophrynus gollum', 'the lord of the rings']|True
hotpot:333|"What Danish eurodance group had a single called ""Barbie Girl"" which resulted in a lawsuit in 2002?"|Aqua|333|['3319', '3324']|['aqua band', 'mattel inc v mca records inc']|True
hotpot:334|Which case was decided first, Selle v. Gibb or Reynolds v. Sims?|1964|334|['3327', '3332']|['reynolds v sims', 'selle v gibb']|True
hotpot:335|Mamie Gummer played the role of Nancy Crozier on the TV series airing on what network?|CBS|335|['3340', '3341']|['mamie gummer', 'the good wife']|True
hotpot:336|What country do both Adnan Akmal and Kamran Akmal represent in cricket?|Pakistani|336|['3349', '3351']|['adnan akmal', 'kamran akmal']|True
hotpot:337|Did Franki Valli sing with Hellogoodbye or The Four Seasons?|The Four Seasons|337|['3360', '3364']|['hellogoodbye', 'the four seasons band']|True
hotpot:338|Both Sorbaria and Goldenrod are a genus of more than 50 flowering plants?|no|338|['3369', '3372']|['goldenrod', 'sorbaria']|True
hotpot:339|What is the capacity of the Stadium, other than Kauffman Stadium, designed by Charles Deaton ?|76,416|339|['3382', '3383']|['arrowhead stadium', 'charles deaton']|True
hotpot:340|"Who is the current drummer of the band who did the song ""What Lovers Do""?"|Matt Flynn|340|['3387', '3390']|['maroon 5', 'what lovers do']|True
hotpot:341|What 2017 Christopher B. Landon directed American slasher film is Jessica Rothe starring in?|Happy Death Day|341|['3400', '3405']|['happy death day', 'jessica rothe']|True
hotpot:342|Who was the president of the Sinn Fein political party during the Hume-Adams Dialogue?|"Gerard ""Gerry"" Adams"|342|['3410', '3416']|['gerry adams', 'hume adams dialogue']|True
hotpot:343|Which of these battles occurred earlier--the Battle of Peleliu or the Battle of Belleau Wood?|The Battle of Belleau Wood|343|['3417', '3424']|['battle of belleau wood', 'battle of peleliu']|True
hotpot:344|Garden Island Naval Chapel is the oldest Chistian chapel of a naval branch of what defence force?|Australian Defence Force|344|['3429', '3436']|['garden island naval chapel', 'royal australian navy']|True
hotpot:345|Július Satinský was born in a city that has a current population of what?|about 450,000|345|['3441', '3444']|['bratislava', 'július satinský']|True
hotpot:346|What was the name of the 19th century foundry which was located in a village directly across the Hudson River from Westpoint in Putnam County, New York?|West Point Iron and Cannon Foundry|346|['3451', '3454']|['cold spring new york', 'robert parker parrott']|True
hotpot:347|What fictional character created by Tom Clancy was turned into a film in 2002?|Jack Ryan|347|['3464', '3465']|['jack ryan character', 'the sum of all fears']|True
hotpot:348|Wheat salad is composed typically of what red fruit?|tomato|348|['3469', '3470']|['tomato', 'wheat salad']|True
hotpot:349|What year did the biographical-comedy-crime film directed by Steven Soderbergh about the highest-level corporate executive whistleblower come out?|2009|349|['3480', '3484']|['mark whitacre', 'the informant']|True
hotpot:350|when was the album that includes the song by Dustin Lynch released to country radio on February 17, 2017?|September 8, 2017|350|['3492', '3496']|['current mood', 'small town boy song']|True
hotpot:351|Which playwright lived a longer life, Edward Albee or J. M. Barrie?|Edward Franklin Albee III|351|['3497', '3501']|['edward albee', 'j m barrie']|True
hotpot:352|Are both Rutgers University and Carnegie Mellon University located in America?|yes|352|['3508', '3512']|['carnegie mellon university', 'rutgers university']|True
hotpot:353|Vanessa Bley is what person who organizes and often finances concerts, plays, or operas, performing a role?|impresario|353|['3522', '3526']|['impresario', 'vanessa bley']|True
hotpot:354|Were Thomas H. Ince and Joseph McGrath of the same nationality?|no|354|['3528', '3535']|['joseph mcgrath film director', 'thomas h ince']|True
hotpot:355|Are Phlebodium and Pieris both species of ferns?|no|355|['3539', '3541']|['phlebodium', 'pieris plant']|True
hotpot:356|Bartlett's Bridge was built by the engineer who worked for the county seat of which Massachusetts county?|Worcester County|356|['3548', '3553']|['bartlett s bridge', 'worcester massachusetts']|True
hotpot:357|Which novelist, J. G. Farrell or Louis Aragon, wrote of the political and human consequences of his country's colonial rule?|Farrell|357|['3557', '3560']|['j g farrell', 'louis aragon']|True
hotpot:358|What city did the characters from Gargoyles the Movie: The Heroes Awaken wake up in after being in an enchantedly petrified state for a thousand years?|modern-day New York City|358|['3567', '3572']|['gargoyles the movie the heroes awaken', 'gargoyles tv series']|True
hotpot:359|Who were the producers of the show for which Chris McKay made his feature film directorial debut?|Dan Lin, Roy Lee, Phil Lord and Christopher Miller|359|['3582', '3586']|['chris mckay', 'the lego batman movie']|True
hotpot:360|The Waterloo Vase has been used as a garden ornament at whose residence and administrative headquarters?|reigning monarch of the United Kingdom|360|['3589', '3594']|['buckingham palace', 'waterloo vase']|True
hotpot:361|Scott Sandelin grew up in a town in what Minnesota county?|Saint Louis County|361|['3601', '3605']|['hibbing minnesota', 'scott sandelin']|True
hotpot:362|The 37th Disney animated feature film Tarzan features You'll be in my heart by which artist?|Phil Collins|362|['3609', '3614']|['tarzan 1999 film', 'you ll be in my heart']|True
hotpot:363|What type of media does J. T. Petty and Outlast have in common?|video game|363|['3619', '3624']|['j t petty', 'outlast']|True
hotpot:364|Where did the architect of the Governor's House, located in Knutsford, graduate from college?|Cambridge University|364|['3633', '3635']|['edmund sharpe', 'governor s house knutsford']|True
hotpot:365|What is the latest album of Tim Hecker, the Canadian electronic music maker?|Love Streams|365|['3638', '3643']|['ravedeath 1972', 'tim hecker']|True
hotpot:366|What is the name of this Fortune 500 American company that operates a chain of retail home improvement stores that sponsored House Rules?|Lowe's|366|['3647', '3652']|['house rules 2003 tv series', 'lowe s']|True
hotpot:367|"For what ""first"" was Ivory Lee Brown's nephew credited for in Heisman Trophy balloting?"|first freshman to finish as the runner-up|367|['3657', '3666']|['adrian peterson', 'ivory lee brown']|True
hotpot:368|"Haruki Murakami said that writing ""Dance Dance Dance"" had been a healing act after his unexpected fame following the publication of a novel published in which year ?"|1987|368|['3671', '3673']|['dance dance dance novel', 'norwegian wood novel']|True
hotpot:369|Erica Packer was the second wife of what Australian businessman?|James Packer|369|['3682', '3685']|['erica packer', 'james packer']|True
hotpot:370|What type of media does Bitter Jester and Sicko have in common?|documentary|370|['3688', '3695']|['bitter jester', 'sicko']|True
hotpot:371|What country does Eric A. Sykes and Eccles, Greater Manchester have ion common?|England|371|['3703', '3706']|['eccles greater manchester', 'eric a sykes']|True
hotpot:372|What South Korean actor was a member of the pop duo TVXQ and stared in Heading to the Ground, a 2009 MBC television series?|Jung Yun-ho|372|['3713', '3716']|['heading to the ground', 'yunho']|True
hotpot:373|which is traditionally drunk before retiring to bed, Hot toddy or Kir?|Hot toddy|373|['3717', '3722']|['hot toddy', 'kir cocktail']|True
hotpot:374|"What year was the film ""Mom"" released, starring the voice of Shashaa Tirupati?"|2017|374|['3728', '3730']|['mom film', 'shashaa tirupati']|True
hotpot:375|For One Night Only was hosted by the man most well-known for hosting what show from 1962 until 1999?|The Late Late Show|375|['3737', '3739']|['for one night only irish tv series', 'gay byrne']|True
hotpot:376|What company did Roscoe Channing form with the owner of a leading stable of thoroughbred racehorses?|Hudson Bay Mining and Smelting Company|376|['3753', '3756']|['cornelius vanderbilt whitney', 'roscoe channing']|True
hotpot:377|Jens Risom introduced what type of design, characterized by minimalism and functionality?|Scandinavian design|377|['3758', '3766']|['jens risom', 'scandinavian design']|True
hotpot:378|Which of the movie which has Rich Lee 3-D previsualizations was directed by Francis Lawrence?|Constantine|378|['3771', '3776']|['constantine film', 'rich lee']|True
hotpot:379|What criteria subjectively qualifies the Houston Astrodome to be called the Eighth Wonder of the World?|comparable to the seven Wonders of the World|379|['3781', '3785']|['astrodome', 'eighth wonder of the world']|True
hotpot:380|Who was born first, José Echegaray y Eizaguirre or P. J. O'Rourke?|José Echegaray y Eizaguirre|380|['3787', '3792']|['josé echegaray', 'p j o rourke']|True
hotpot:381|Who did the Doncaster Belles play in the 1994 FA Women's Cup Final held at Glanford Park?|Knowsley United Women|381|['3797', '3801']|['1994 fa women s cup final', 'glanford park']|True
hotpot:382|What act for Innocent Records achieved Platinum sales and shares its name with a primary color in the RGB color model?|Blue|382|['3809', '3812']|['blue', 'innocent records']|True
hotpot:383|What national historic district is located near a village in the town of Philipstown, New York?|Valhalla Highlands Historic District|383|['3823', '3825']|['cold spring new york', 'valhalla highlands historic district']|True
hotpot:384|Which American writer wrote both The Ganymede Takeover (1967) and The Man in the High Castle (1962)?|Philip K. Dick|384|['3829', '3831']|['the ganymede takeover', 'the man in the high castle']|True
hotpot:385|Curt Menefee is the host of the Fox network's NFL show with co-host Michael Anthony Strahan who spent his entire 15-year career with what team?|New York Giants|385|['3840', '3844']|['curt menefee', 'michael strahan']|True
hotpot:386|Francisco Jose Hernandez was a participant in an invasion that took place in what year?|1961|386|['3851', '3852']|['bay of pigs invasion', 'francisco jose hernandez']|True
hotpot:387|Dead but Rising was a song by the Danish band fomed in what city in 2001?|Copenhagen|387|['3858', '3863']|['dead but rising', 'volbeat']|True
hotpot:388|"The man, who the award in which ""Summer of the Monkeys"" won, was a spokesman for white sector of America?"|middle America|388|['3871', '3872']|['summer of the monkeys', 'william allen white']|True
hotpot:389|Which lead actor/actress in War Chhod Na Yaar has also acted in Bengali and English-language films?|Soha Ali Khan|389|['3881', '3883']|['soha ali khan', 'war chhod na yaar']|True
hotpot:390|What type of movie are Wishing Stairs and Voice?|South Korean horror film|390|['3888', '3896']|['voice film', 'wishing stairs']|True
hotpot:391|"Which cast member of Alice Upside Down also stars in the ABC Family/Freeform drama ""Switched at Birth?"""|Lucas Stephen Grabeel|391|['3898', '3901']|['alice upside down', 'lucas grabeel']|True
hotpot:392|What kind of movie directed by F. Javier gutierrez did an Italian model and actress star in?|American supernatural psychological horror film|392|['3911', '3916']|['matilda lutz', 'rings 2017 film']|True
hotpot:393|In which county is the English king Harold Godwinson buried?|Essex|393|['3920', '3926']|['edith walks', 'waltham abbey church']|True
hotpot:394|Who wrote The Devils, and was an eninent English theater, opera and film director?|Peter Hall|394|['3932', '3935']|['peter hall director', 'the devils play']|True
hotpot:395|Which Grand Slam singles tournament have Francesca Schiavone and Olga Morozova both been finalists in?|French Open|395|['3942', '3943']|['francesca schiavone', 'olga morozova']|True
hotpot:396|"""Kapitän zur See"" Ernst Lindemann was the commander of which one of two battleships built for Nazi Germany's ""Kriegsmarine""?"|Bismarck|396|['3952', '3954']|['ernst heinrich lindemann', 'german battleship bismarck']|True
hotpot:397|Which football team does Lewis Young's older brother, Ashley Young, play for?|Premier League club Manchester United and the England national team|397|['3958', '3964']|['ashley young', 'lewis young']|True
hotpot:398|Snowdrop is a proprietary game engine first revealed with an online-only action role-playing video game developed by who?|Massive Entertainment|398|['3972', '3976']|['snowdrop game engine', 'tom clancy s the division']|True
hotpot:399|Wendy Ayche was featured in 2016 in an annual production created by Youtube and what other organization?|Portal A Interactive|399|['3985', '3987']|['wengie', 'youtube rewind']|True
hotpot:400|John MacGregor, Baron MacGregor of Pulham Market was educated at the University of St Andrews and another university established by what monach?|King George IV|400|['3992', '3997']|['john macgregor baron macgregor of pulham market', 'king s college london']|True
hotpot:401|Which game was released first, Icehouse pieces or Kill Doctor Lucky?|Icehouse pieces|401|['3998', '4004']|['icehouse pieces', 'kill doctor lucky']|True
hotpot:402|American Blues included the drummer from which American rock band?|ZZ Top|402|['4014', '4016']|['american blues', 'frank beard musician']|True
hotpot:403|"The Indian actor and philanthropist, who starred in ""Mera Damad,"" entered the film industry in what year?"|1977|403|['4022', '4026']|['farooq sheikh', 'mera damad']|True
hotpot:404|The Jeep Cherokee was originally sold as a variant of a Jeep model produced during what years?|1963 to 1991|404|['4028', '4029']|['jeep cherokee', 'jeep wagoneer sj']|True
hotpot:405|Where was the person born who was recognized by MIAL and is an American soprano?|Laurel, Mississippi|405|['4039', '4046']|['leontyne price', 'mississippi institute of arts and letters']|True
hotpot:406|Which magazine is older, Gallery or Dime Magazine?|"arose on the ""Playboy"" magazine pattern in the 1970s."|406|['4053', '4054']|['dime magazine', 'gallery magazine']|True
hotpot:407|which writer has the highest number of skill  Langston Hughes or  Ian McEwan|Langston Hughes|407|['4058', '4063']|['ian mcewan', 'langston hughes']|True
hotpot:408|How large is the shopping mall where KGOT radio station has its studios ?|728,000 ft²|408|['4073', '4076']|['dimond center', 'kgot']|True
hotpot:409|What are the names of the members of the Detroit-based hip hop duo who has worked with Jason Gilbert?|"Royce da 5'9"" (Bad) and Eminem (Evil)"|409|['4078', '4082']|['bad meets evil', 'jason gilbert']|True
hotpot:410|Which has the larger population, Shanghai or Hanggin Rear Banner?|Shanghai|410|['4096', '4097']|['hanggin rear banner', 'shanghai']|True
hotpot:411|Jacques Mathou starred in Delicatessen, the 1991 French movie in the style of which celebrated American animator?|Terry Gilliam|411|['4098', '4099']|['delicatessen film', 'jacques mathou']|True
hotpot:412|Jacques Sernas, actor in Fugitive in Trieste, was of what nationality?|Lithuanian-born French|412|['4111', '4116']|['fugitive in trieste', 'jacques sernas']|True
hotpot:413|The VMAQT-1 logo is a female spirit in Irish mythology who heralds the death of what?|a family member|413|['4120', '4127']|['banshee', 'vmaqt 1']|True
hotpot:414|"The actress that played the leading role in the independent film ""A Perfect Ending"" also stars with John Bregar in a 2008 film directed by who?"|Douglas Jackson|414|['4128', '4138']|['barbara niven', 'dead at 17']|True
hotpot:415|Which band is from England, Fireflight or Dirty Pretty Things?|Dirty Pretty Things|415|['4143', '4146']|['dirty pretty things band', 'fireflight']|True
hotpot:416|The Bart the Fink episode of The Simpsons aired in February of 1996, and involves the host of which kiddie show?|The Itchy & Scratchy Show|416|['4149', '4152']|['bart the fink', 'krusty the clown']|True
hotpot:417|Which mall, Wilton Mall or Viaport Rotterdam, has had more owners?|Viaport Rotterdam|417|['4164', '4167']|['viaport rotterdam', 'wilton mall']|True
hotpot:418|Which close friend of an American former basketball player was signed for to play for the Timberwolves?|signing free agent Chauncey Billups|418|['4170', '4177']|['2000 01 minnesota timberwolves season', 'kevin garnett']|True
hotpot:419|What is the 2010 population of the city 2.1 miles southwest of Marietta Air Force Station?|51,271|419|['4183', '4187']|['marietta air force station', 'smyrna georgia']|True
hotpot:420|Are Buried Country and South of the Border both films turned into stage performances?|no|420|['4190', '4197']|['buried country', 'south of the border 2009 film']|True
hotpot:421|"""A Summer in the Cage"" and ""American Hardcore"" are both what kind of film?"|documentary|421|['4204', '4206']|['a summer in the cage', 'american hardcore film']|True
hotpot:422|How many novels are there in the series of novels of which Shadows in Flight is the tenth novel ?|fifteen|422|['4215', '4218']|['ender s game series', 'shadows in flight']|True
hotpot:423|One of the coaches of Southern Methodist University also played what role at the Arizona State Sun Devils?|defensive coordinator|423|['4225', '4226']|['phil bennett american football', 'smu mustangs football under mike cavan']|True
hotpot:424|What is the height of the player who won the 2015 AFL Rising Star award?|1.95 m|424|['4234', '4236']|['2015 afl rising star', 'jesse hogan']|True
hotpot:425|Las Vegas Festival Grounds is north of the hotel that is owned by which company?|MGM Resorts International|425|['4242', '4243']|['circus circus las vegas', 'las vegas festival grounds']|True
hotpot:426|Which musical fantasy film is older, Bedknobs and Broomsticks or The Muppet Christmas Carol?|Bedknobs and Broomsticks|426|['4254', '4258']|['bedknobs and broomsticks', 'the muppet christmas carol']|True
hotpot:427|Which river system in Chilhowie, Virginia was the starting place for most Longhunters?|Holston River|427|['4262', '4264']|['holston river', 'longhunter']|True
hotpot:428|What party does the House of Commons representative for Congleton belong to?|British Conservative Party|428|['4272', '4278']|['congleton uk parliament constituency', 'fiona bruce politician']|True
hotpot:429|Season 2 of Rick and Morty began with the episode directed by whom?|Wes Archer|429|['4285', '4287']|['a rickle in time', 'rick and morty season 2']|True
hotpot:430|What team did the recipient of the 2007 Brownlow Medal play for?|Geelong Football Club|430|['4296', '4298']|['2007 brownlow medal', 'jimmy bartel']|True
hotpot:431|Were both the Battle of Stones River and the Battle of the Ch'ongch'on River fought in the 19th century?|no|431|['4303', '4305']|['battle of stones river', 'battle of the ch ongch on river']|True
hotpot:432|Who has more scope of profession, Phil Rosen or  Delmer Daves?|Delmer Lawrence Daves|432|['4309', '4313']|['delmer daves', 'phil rosen']|True
hotpot:433|Which band has more members, Test Icicles or X Ambassadors?|X Ambassadors|433|['4323', '4325']|['test icicles', 'x ambassadors']|True
hotpot:434|The movies The Boatniks and The Great Locomotive Chase were both made by which production company?|Walt Disney Productions|434|['4334', '4336']|['the boatniks', 'the great locomotive chase']|True
hotpot:435|How long is the river for which Frenchmans Creek is a tributary?|2844 km|435|['4344', '4347']|['darling river', 'frenchmans creek new south wales']|True
hotpot:436|Where is the school that Tyler Kalinoski went to located?|located in Olathe, Kansas|436|['4351', '4354']|['olathe east high school', 'tyler kalinoski']|True
hotpot:437|Ambrose Mendy has managed and/or advised a British professional boxer that as of July 2017 is ranked the world's seventh best super middleweight by who?|"""The Ring"" magazine"|437|['4365', '4368']|['ambrose mendy', 'chris eubank jr']|True
hotpot:438|"Rejuvelac is kind of grain water invented and promoted by a ""holistic health"" practitioner born in which year ?"|1909|438|['4369', '4377']|['ann wigmore', 'rejuvelac']|True
hotpot:439|What town host an annual media finance conference that has featured an Australian-born American media mogul?|Sun Valley, Idaho|439|['4381', '4384']|['allen amp company sun valley conference', 'rupert murdoch']|True
hotpot:440|Ronald Reagan and George H. W. Bush both held which position in office?|President of the United States|440|['4390', '4394']|['george h w bush', 'presidency of ronald reagan']|True
hotpot:441|In between The Bears and I and Oceans which was released on July 31, 1974, by Buena Vista Distribution?|The Bears and I|441|['4399', '4404']|['oceans film', 'the bears and i']|True
hotpot:442|What book provided the foundation for Masters and Johnson's research team?|Patterns of Sexual Behavior|442|['4415', '4417']|['masters and johnson', 'patterns of sexual behavior']|True
hotpot:443|"What star of ""Attack of the Gryphon"" was also a voice artist in Johnny Bravo?"|Larry Richard Drake|443|['4423', '4426']|['gryphon film', 'larry drake']|True
hotpot:444|"Which fantasy film from 1971 featured the song ""The Age of Not Believing""?"|Bedknobs and Broomsticks|444|['4432', '4433']|['bedknobs and broomsticks', 'the age of not believing']|True
hotpot:445|Mick Carter is the landlord of a public house located at what address?|46 Albert Square, Walford, London E20|445|['4441', '4442']|['mick carter', 'the queen victoria']|True
hotpot:446|What television thriller anthology did the winner of one Golden Globe, two tony Awards and six Primetime Emmy Awards appear on?|Darkroom|446|['4452', '4453']|['brian dennehy', 'darkroom tv series']|True
hotpot:447|What Cayman Islands registered Mandarin and Cantonese-language television broadcaster launched Phoenix Hong Kong Channel on 28 March 2011?|Phoenix Television|447|['4466', '4468']|['phoenix hong kong channel', 'phoenix television']|True
hotpot:448|What is the name of the film starring Rose McGowan and features the character Earl McGraw's daughter?|Planet Terror|448|['4471', '4475']|['earl and edgar mcgraw', 'planet terror']|True
hotpot:449|Chimaja Appawas the younger brother of a general of the Maratha Empire in India, who served as what to the fifth Maratha Chhatrapati Shahu from 1720 until his death?|"""Peshwa"" (Prime Minister)"|449|['4480', '4482']|['baji rao i', 'chimaji appa']|True
hotpot:450|What is the name of the oldest child that attended the Trump campaign-Russian meeting?|Donald Trump Jr.|450|['4497', '4498']|['donald trump jr', 'trump campaign russian meeting']|True
hotpot:451|The 1st Virginia Regiment saw action at a battle that led to the departure of what Royal Governor?|Royal Governor Lord Dunmore|451|['4499', '4503']|['1st virginia regiment', 'battle of great bridge']|True
hotpot:452|Which Argentine telenovela broadcast by Telefe from March 12 to December 19, 2012 starred Isabel Macedo as Jimena Benitez?|Graduados|452|['4514', '4518']|['graduados', 'patricia longo']|True
hotpot:453|What was position of the man who served Prince Andrew from 1990-2001?|Private Secretary and Treasurer|453|['4522', '4523']|['neil blair', 'prince andrew duke of york']|True
hotpot:454|Are Agee and To Shoot an Elephant both documentaries about war?|no|454|['4530', '4535']|['agee film', 'to shoot an elephant']|True
hotpot:455|What shallow water table aquifer is located near the county seat of Keith County, Nebraska?|Ogallala Aquifer|455|['4545', '4547']|['ogallala aquifer', 'ogallala nebraska']|True
hotpot:456|Who was born first Mahbub ul Haq or Ibn Arabi?|ibnʿArabī|456|['4549', '4553']|['ibn arabi', 'mahbub ul haq']|True
hotpot:457|What does the goddess associated with the goddess frigg  consists of what tales?|various deities, beings, and heroes|457|['4561', '4565']|['hlín', 'norse mythology']|True
hotpot:458|What competition held in Kathmandu, Nepal did Julian Bolling compete in 1984?|1984 South Asian Games|458|['4576', '4578']|['1984 south asian games', 'julian bolling']|True
hotpot:459|William Pery served as Captain of the Yeomen of the Guard under the lord who served in what position from 1865 to 1868?|Viscount Cranborne|459|['4583', '4588']|['robert gascoyne cecil 3rd marquess of salisbury', 'william pery 3rd earl of limerick']|True
hotpot:460|William Cammisano was part of which Mafia family?|Kansas City crime family|460|['4591', '4593']|['kansas city crime family', 'william cammisano']|True
hotpot:461|1956 Night Series Cup games were played at what inner suburb of Melbourne that is 3km south of Melbourne's central business district?|Albert Park|461|['4603', '4606']|['1956 night series cup', 'albert park victoria']|True
hotpot:462|When did the game which held three times in  in East Asia first held|in 1896|462|['4612', '4614']|['2008 summer olympics', 'summer olympic games']|True
hotpot:463|Blinding Edge Pictures produced which 2000 film starring Bruce Willis?|Unbreakable|463|['4623', '4624']|['blinding edge pictures', 'unbreakable film']|True
hotpot:464|"What kind of dinosaur does Raymond Ochoa voice in the Pixar film ""The Good Dinosaur""?"|Apatosaurus|464|['4637', '4638']|['raymond ochoa', 'the good dinosaur']|True
hotpot:465|Which American Space Western animated series did Celebrity Home Entertainment released|BraveStarr|465|['4645', '4646']|['bravestarr', 'celebrity home entertainment']|True
hotpot:466|How are elephants connected to Gajabrishta?|Sanskrit|466|['4649', '4650']|['elephant', 'gajabrishta']|True
hotpot:467|Which battle occurred first, the Battle of Manila or the Battle of Guam?|Battle of Guam|467|['4657', '4659']|['battle of guam 1944', 'battle of manila 1945']|True
hotpot:468|Kam Heskin plays Paige Morgan in a 2004 film directed by who?|Martha Coolidge|468|['4667', '4668']|['kam heskin', 'the prince and me']|True
hotpot:469|"What 2016 film stars actor Xavier Samuel and an actress who portrayed Vasilisa Dragomir in the film ""Vampire Academy""?"|Mr. Church|469|['4677', '4679']|['lucy fry', 'mr church']|True
hotpot:470|What type of profession does Ithu Engal Neethi and Shoba Chandrasekhar have in common?|director|470|['4683', '4684']|['ithu engal neethi', 'shoba chandrasekhar']|True
hotpot:471|In what field does the firm at which Claudio Fernández-Aráoz was a currently a senior adviser offers services?|Executive Search, Board Consulting|471|['4692', '4699']|['claudio fernández aráoz', 'egon zehnder']|True
hotpot:472|Eric Ambler and Carol Shields are both best Known for what profession?|author|472|['4703', '4704']|['carol shields', 'eric ambler']|True
hotpot:473|"Which ""Official Ireland"" group comprises about  78.3% of the population of Ireland?"|The Catholic Church in Ireland|473|['4719', '4720']|['catholic church in ireland', 'official ireland']|True
hotpot:474|Where was the telefilm shot that was based on the 1977 Katherine Paterson book?|Edmonton, Alberta|474|['4721', '4727']|['bridge to terabithia 1985 film', 'bridge to terabithia novel']|True
hotpot:475|Which American cable news and talk radio host was the former GOP representative|Charles Joseph|475|['4735', '4736']|['joe scarborough', 'morning joe']|True
hotpot:476|What Division was the college footbal team that fired their head coach on November 24, 2006?|NCAA Division I FBS football|476|['4743', '4745']|['2006 miami hurricanes football team', 'larry coker']|True
hotpot:477|Which is a Macedonian weekly, Hänt Extra or Tea Moderna?|Tea Moderna|477|['4752', '4760']|['hänt extra', 'tea moderna magazine']|True
hotpot:478|What is the shared country of ancestry between Art Laboe and Scout Tufankjian?|Armenian|478|['4761', '4770']|['art laboe', 'scout tufankjian']|True
hotpot:479|Who programmed a cartridge-based development system made by a company noted for authoring Atari's BASIC?|Kathleen O'Brien|479|['4772', '4773']|['atari assembler editor', 'shepardson microsystems']|True
hotpot:480|"Which record label released Van Morrison's ""I've Been Working"" on the album ""His Band and the Street Choir""?"|Warner Bros|480|['4782', '4789']|['his band and the street choir', 'i ve been working']|True
hotpot:481|Hate Them is the ninth album by a band likened to who?|Motörhead|481|['4794', '4800']|['darkthrone', 'hate them']|True
hotpot:482|How did Emilie du Chatelet, Voltaire's love, contribute to the basic laws of physics?|"commentary on Isaac Newton's book ""Principia"""|482|['4805', '4810']|['voltaire in love', 'émilie du châtelet']|True
hotpot:483|Were Goo Goo Dolls and Echosmith formed in the same city?|no|483|['4812', '4817']|['echosmith', 'goo goo dolls']|True
hotpot:484|The Detroit mayoral elections of 2009 took place to fill the vacancy created by a politician who was sentenced to what?|four months in jail|484|['4827', '4829']|['detroit mayoral election 2009', 'kwame kilpatrick']|True
hotpot:485|In what year was the team that Luke Clark plays either right back or central midfielder for founded?|1963|485|['4836', '4839']|['curzon ashton f c', 'luke clark']|True
hotpot:486|What genre of music was played by both Tappi Tíkarrass and INXS?|rock|486|['4844', '4845']|['inxs', 'tappi tíkarrass']|True
hotpot:487|A puzzle-platform video game developed by the Valve Corporation is part of what 2012 action-adventure game?|Gateways|487|['4853', '4856']|['gateways video game', 'portal video game']|True
hotpot:488|What produces the hormone that promotes sodium retention in the distal nephron?|zona glomerulosa|488|['4867', '4871']|['aldosterone', 'angiotensin']|True
hotpot:489|How many Senate seats will be contested during the midterm elections that Nancy Soderberg has filed to run for Congress in?|33|489|['4872', '4875']|['nancy soderberg', 'united states elections 2018']|True
hotpot:490|In between Berghuis v. Thompkins and Mississippi University for Women v. Hogan which one was a  case decided 5-4 by the Supreme Court of the United States?|Mississippi University for Women|490|['4882', '4889']|['berghuis v thompkins', 'mississippi university for women v hogan']|True
hotpot:491|Which jazz singer has a 2003 album entitled The Boy Next Door?|Stacey Kent|491|['4895', '4897']|['stacey kent', 'the boy next door album']|True
hotpot:492|The actor who appeared on Charlotte's Shorts and Weeds was born in what year?|1966|492|['4906', '4907']|['charlotte s shorts', 'gary anthony williams']|True
hotpot:493|After he was contracted by the team that is headquartered in Affalterbach, Baden-Württemberg, Germany, Dario Franchitti competed in what series?|DTM|493|['4919', '4921']|['dario franchitti', 'mercedes amg']|True
hotpot:494|In which year did this division, where Cleveland Browns placed fourth in 2009, adopt its current name?|2002|494|['4925', '4927']|['2009 cleveland browns season', 'afc north']|True
hotpot:495|How many restaurants comprise the quick service restaurant chain that Ron Joyce helped found?|4,613|495|['4934', '4937']|['ron joyce', 'tim hortons']|True
hotpot:496|Anthony Avent played basketball fo a High School that is located in a city approcimately 8 mi west of where?|lower Manhattan|496|['4942', '4947']|['anthony avent', 'newark new jersey']|True
hotpot:497|What edition of tennis' US Open was the 2017 US Open when Petra Kvitova was a quarterfinalist?|137th|497|['4953', '4959']|['2017 us open tennis', 'petra kvitová career statistics']|True
hotpot:498|Walt Zeboski photographed which 40th President during his campaign in 1980?|Ronald Wilson Reagan|498|['4966', '4967']|['ronald reagan', 'walt zeboski']|True
hotpot:499|"What type of film are both ""500 Years Later"" and ""Manson""?"|documentary|499|['4975', '4977']|['500 years later', 'manson film']|True
hotpot:500|Who was the film which was Kim Dae-woo's directing debut about ?|a scholar|500|['4986', '4989']|['forbidden quest', 'kim dae woo']|True
hotpot:501|Which city was the man who is known for a science humor story based on the tongue-in-cheek combination of two adages born in?|New York City, New York|501|['4992', '5000']|['buttered cat paradox', 'john frazee']|True
hotpot:502|What was the largest passenger capacity of the plane type used for BOAC Flight 911 ?|219|502|['5002', '5003']|['boac flight 911', 'boeing 707']|True
hotpot:503|What is the birthday of this Anglo-Irish actress, courtean, and mistress, who was the mother to the illegitimate daughter of King William IV?|22 November|503|['5014', '5016']|['dorothea jordan', 'elizabeth hay countess of erroll']|True
hotpot:504|"During which years was the model of car, featured on the cover of Earth's ""Pentastar: In the Style of Demons"" manufactured?"|1964 to 1974|504|['5025', '5027']|['pentastar in the style of demons', 'plymouth barracuda']|True
hotpot:505|"The ""civic rally cross"" was sold alongside what other model sold exclusively in Japan at Honda Verno dealerships?"|Honda Ballade|505|['5037', '5041']|['honda ballade', 'honda cr x']|True
hotpot:506|Is Gasherbrum II or Nuptse closest to the tallest mountain in the world?|It lies two kilometres WSW of Mount Everest.|506|['5044', '5046']|['gasherbrum ii', 'nuptse']|True
hotpot:507|Which constituent college of the University of Oxford endows four professorial fellowships for sciences including chemistry and pure mathematics?|Magdalen College|507|['5055', '5056']|['magdalen college oxford', 'waynflete professorship']|True
hotpot:508|"In what London botanical garden can you find the fungus described by Elise Maud Wakefield as ""Lepiota""?"|Kew Gardens|508|['5068', '5071']|['kew gardens', 'saproamanita nauseosa']|True
hotpot:509|"Who collaborated with Rihanna on the album release ""Numb""?"|Eminem|509|['5076', '5077']|['numb rihanna song', 'the monster song']|True
hotpot:510|Christopher Oscar Pena was recognized by an entertainment-industry brand aimed at what?|people working in film and the performing arts|510|['5084', '5085']|['backstage magazine', 'christopher oscar peña']|True
hotpot:511|"What was the nationality of the actor playing a Russian hostage taker in ""Hostage for a Day""?"|Canadian|511|['5092', '5095']|['hostage for a day', 'john candy']|True
hotpot:512|The Argentine National Anthem was adopted 3 years after which event that led to the removal of Viceroy Baltasar Hildalgo de Cisneros?|May Revolution|512|['5104', '5105']|['argentine national anthem', 'may revolution']|True
hotpot:513|What professions did S. Sylvan Simon and Danny Cannon have in common?|director and producer|513|['5114', '5121']|['danny cannon', 's sylvan simon']|True
hotpot:514|What number album is the first W.A.S.P. album to feature Steven Edward Duren playing guitar?|third|514|['5125', '5128']|['blackie lawless', 'inside the electric circus']|True
hotpot:515|What city did the Freebooters F.C. soccer team lose in that is now known as Croke Park?|Dublin|515|['5132', '5140']|['croke park', 'freebooters f c']|True
hotpot:516|What screenplay was worked on by both Edward Carfagno and Miklos Rozsa?|Julius Caesar|516|['5145', '5148']|['edward carfagno', 'julius caesar 1953 film']|True
hotpot:517|Which avant-garde Japanese composer studied with John Cage and wrote Music for Electric Metronomes?|Toshi Ichiyanagi|517|['5157', '5160']|['music for electric metronomes', 'toshi ichiyanagi']|True
hotpot:518|Where is the academy, for which Joseph D. Stewart was appointed Superintendent, located?|Kings Point, New York|518|['5164', '5167']|['joseph d stewart', 'united states merchant marine academy']|True
hotpot:519|James Spedding was chiefly known as the editor of the works of an author who served both as Attorney General and as what?|Lord Chancellor of England|519|['5172', '5179']|['francis bacon', 'james spedding']|True
hotpot:520|Which movie directed by James Gunn portrayed the fictional character, Ego the Living Planet?|Guardians of the Galaxy Vol. 2|520|['5185', '5188']|['ego the living planet', 'guardians of the galaxy vol 2']|True
hotpot:521|The Government of Canada, which is the federal administration of Canada, is involved in what scandal in the province of Quebec?|The sponsorship scandal|521|['5192', '5196']|['government of canada', 'sponsorship scandal']|True
hotpot:522|who had to escape nazis, Sigmund Freud or Evelyn Waugh?|Sigmund Freud|522|['5205', '5211']|['evelyn waugh', 'sigmund freud']|True
hotpot:523|Conrad Anker located the body of a mountaineer who took part it the first three British expeditions to which mountain?|Mount Everest|523|['5220', '5221']|['conrad anker', 'george mallory']|True
hotpot:524|José Saramago and Ivo Andrić were recipients of what award in Literature?|Nobel Prize in Literature|524|['5224', '5230']|['ivo andrić', 'josé saramago']|True
hotpot:525|Are Chlidanthus and Maianthemum both flowering plants?|yes|525|['5232', '5233']|['chlidanthus', 'maianthemum']|True
hotpot:526|The Duke Steps Out stars an actress who was ranked tenth on a list of greatest female Hollywood stars in what year?|1999|526|['5239', '5243']|['joan crawford', 'the duke steps out']|True
hotpot:527|What drum machine was introduced in 1989 and allowed 32 notes to be played simultaneously?|The R-8 Human Rhythm Composer|527|['5244', '5247']|['polyphony and monophony in instruments', 'roland r 8']|True
hotpot:528|Which band was formed first, Wavves or Social Code?|Social Code|528|['5255', '5262']|['social code', 'wavves']|True
hotpot:529|Iselin Solheim provided vocals in the song released on what date?|3 December|529|['5265', '5268']|['faded alan walker song', 'iselin solheim']|True
hotpot:530|What took place first, The Korean War or The Western Allied invasion of Germany?|The Western Allied invasion of Germany|530|['5274', '5283']|['korean war', 'western allied invasion of germany']|True
hotpot:531|Are Mauritz Stiller and Johannes Grenzfurthner both of the same nationality?|no|531|['5289', '5293']|['johannes grenzfurthner', 'mauritz stiller']|True
hotpot:532|Luke Null is an actor who was on the program that premiered its 43rd season on which date?|September 30, 2017|532|['5298', '5302']|['luke null', 'saturday night live season 43']|True
hotpot:533|"With whom did this American singer, songwriter and record producer, who contributed to the single ""Marvin Gaye"" with Julie Frost, co-produced and performed the 2015 song for a movie soundtrack?"|Wiz Khalifa|533|['5307', '5308']|['charlie puth', 'julie frost']|True
hotpot:534|"In what year did the Guild of Music Supervisors Awards recognize a British-American romantic drama film based on the 1952 romance novel ""The Price of Salt"" starring Cate Blanchett?"|2016|534|['5318', '5321']|['carol film', 'guild of music supervisors awards']|True
hotpot:535|Who has released more studio albums, Candlelight Red or Motion City Soundtrack?|Motion City Soundtrack|535|['5327', '5332']|['candlelight red', 'motion city soundtrack']|True
hotpot:536|What number president was Annie Caputo nominated by to become a member of the Nuclear Regulatory Commission?|45th|536|['5336', '5341']|['annie caputo', 'donald trump']|True
hotpot:537|Jack Alfred Evans played with a football club team that is based in what city in Australia?|Melbourne|537|['5351', '5352']|['jack evans footballer born 1930', 'st kilda football club']|True
hotpot:538|What is the date of birth of the English inventor that developed the Richard Hornsby & Sons oil engine?|28 January 1864|538|['5356', '5363']|['herbert akroyd stuart', 'richard hornsby amp sons']|True
hotpot:539|Where was the sports complex at which Will Brodie made his debut in the thirty-five point loss against Melbourne located?|Alice Springs, Northern Territory|539|['5367', '5373']|['traeger park', 'will brodie']|True
hotpot:540|Cardinal Pole Roman Catholic School was named after the last Roman Catholic to hold what position?|Archbishop of Canterbury|540|['5374', '5379']|['cardinal pole roman catholic school', 'reginald pole']|True
hotpot:541|What job did Jörgen Smit work, where he was working in the world center for the anthroposophical movement?|member of the Executive Council of the General Anthroposophical Society|541|['5384', '5392']|['goetheanum', 'jörgen smit']|True
hotpot:542|The Dogwoman telemovies were created by an actress born in what year?|1961|542|['5397', '5399']|['dogwoman', 'magda szubanski']|True
hotpot:543|Southeastern Illinois College offers an undergraduate academic degree considered to be greater level of education than what?|high school diploma or GED|543|['5405', '5413']|['associate degree', 'southeastern illinois college']|True
hotpot:544|The American Sweetgum is the hostplant of what kind of bug?|moth|544|['5417', '5422']|['liquidambar styraciflua', 'phyllocnistis liquidambarisella']|True
hotpot:545|The first book in the Sprawl Trilogy won what three awards?|Nebula Award, the Philip K. Dick Award, and the Hugo Award|545|['5427', '5428']|['neuromancer', 'sprawl trilogy']|True
hotpot:546|What drug is among the list of illegal drugs in the Philippines and can be taken by mouth or by injection?|Ephedrine|546|['5439', '5441']|['ephedrine', 'illegal drug trade in the philippines']|True
hotpot:547|"The telenova ""El Ardiente Secreto"" was based ona novel published under what pen name?"|"""Currer Bell"""|547|['5444', '5450']|['el ardiente secreto', 'jane eyre']|True
hotpot:548|In the 2012-13 FC Sion they brought in Gennaro Gattuso and a player who now plays for what Scottish team?|Scottish Premiership club Hearts|548|['5456', '5458']|['2012 13 fc sion season', 'kyle lafferty']|True
hotpot:549|WAVN is a Gospel formatted broadcast radio station tied to which city in DeSoto County, Mississippi?|Southaven, Mississippi|549|['5468', '5471']|['southaven mississippi', 'wavn']|True
hotpot:550|The Azad Hind Dal was created by an Indian nationalist whose defiant patriotism made him a hero in India, but whose attempt to rid India of British rule during what war left a troubled legacy?|World War II|550|['5481', '5483']|['azad hind dal', 'subhas chandra bose']|True
hotpot:551|"What English stand-up comedian has a style of comedy full of ""stream-of-conscious banter""?"|Eddie Izzard|551|['5488', '5493']|['eddie izzard', 'stripped tour']|True
hotpot:552|Are both Jim McBride and Neil Jordan American?|no|552|['5500', '5502']|['jim mcbride', 'neil jordan']|True
hotpot:553|What was the highest ranking in the United States for a single written by an English multi-instrumentalist?|25|553|['5504', '5509']|['magic bus song', 'pete townshend']|True
hotpot:554|Woman's Era and Naj are what kind of magazines?|fortnightly women interest magazine|554|['5520', '5523']|['naj', 'woman s era']|True
hotpot:555|Name a musician that worked with Hiren Roy and Vilayat Khan.|Nikhil Banerjee|555|['5525', '5526']|['hiren roy', 'vilayat khan']|True
hotpot:556|Are the flowering plants Ecballium and Elatostema in the same family?|no|556|['5540', '5543']|['ecballium', 'elatostema']|True
hotpot:557|Are Ganzhou and Jimo District both located in China?|yes|557|['5549', '5552']|['ganzhou', 'jimo district']|True
hotpot:558|Which has more species, Aichryson or Polypodium?|Polypodium|558|['5554', '5555']|['aichryson', 'polypodium']|True
hotpot:559|"Who is the psychologist who wrote about the disciple of the person known as the ""Wild Woman of Buttle""?"|James G. Kiernan|559|['5568', '5572']|['james g kiernan', 'mary maclane']|True
hotpot:560|The Adoption and Safe Families Act and the Adoption 2002 Initiative were both instituted under which administration?|Clinton|560|['5578', '5580']|['adoption 2002', 'adoption and safe families act']|True
hotpot:561|Which band formed in England, Of Montreal or Vib Gyor?|Vib Gyor was a band that was formed in Leeds, England.|561|['5584', '5588']|['of montreal', 'vib gyor']|True
hotpot:562|Gualdo Tadino Cathedral, a Roman Catholic cathedral, was dedicated to Saint Bendict of Nursia who is a patron saint of what continent?|Europe|562|['5599', '5601']|['benedict of nursia', 'gualdo tadino cathedral']|True
hotpot:563|Where was the coach of the 1999 Oklahoma State Cowboys football team hired in 2013?|Boulder High School|563|['5612', '5613']|['1999 oklahoma state cowboys football team', 'bob simmons american football coach']|True
hotpot:564|Who is the author of the 1993 production Madge Ryan participated in?|Euripides|564|['5616', '5622']|['madge ryan', 'medea play']|True
hotpot:565|What are both James Hetfield and Bob Marley?|musician, singer, and songwriter|565|['5627', '5632']|['bob marley', 'james hetfield']|True
hotpot:566|On what date will the comedy film directed by Kevin Tent and starring the Bulgarian-Canadian actress known for portraying the role of Mia Jones be released on video on demand services?|September 25, 2017|566|['5635', '5641']|['crash pad', 'nina dobrev']|True
hotpot:567|Which company owns the hotel on whose premises the Cotal Arena is located ?|Las Vegas Sands company.|567|['5645', '5647']|['cotai arena', 'the venetian macao']|True
hotpot:568|Rex Riot is known for a remix of the Kanye West song that was from which album?|My Beautiful Dark Twisted Fantasy|568|['5658', '5662']|['all of the lights', 'rex riot']|True
hotpot:569|The Company They Keep is a book written by Diana Pavlac Glyer, who is a professor at a university in Azusa, California, that was founded in 1899, and is under the auspices of what religion?|evangelical Christian|569|['5667', '5669']|['azusa pacific university', 'the company they keep']|True
hotpot:570|What city and nation was the location of the 2015 Pacific Games where the Kiribati national basketball team finished with a 0-4 record?|Port Moresby, Papua New Guinea|570|['5678', '5681']|['basketball at the 2015 pacific games', 'kiribati national basketball team']|True
hotpot:571|What was the release date and price for the release of Mac OS X that has the software for creating WWF files?|April 29, 2005 for US$129.95|571|['5685', '5686']|['mac os x tiger', 'wwf file format']|True
hotpot:572|"Which author influenced the animated Easter television special ""The First Easter Rabbit""?"|Margery Williams|572|['5698', '5699']|['the first easter rabbit', 'the velveteen rabbit']|True
hotpot:573|Ms. Knope Goes to Washington is the fifth season premiere of an American political comedy television sitcom starring Amy Poehler as who?|Leslie Knope|573|['5705', '5713']|['ms knope goes to washington', 'parks and recreation']|True
hotpot:574|Lorenzo Monaco was influenced by which Italian painter and architect?|Giotto|574|['5718', '5719']|['giotto', 'lorenzo monaco']|True
hotpot:575|The 2011 La Manga Cup was won by Viking, who beat which Norwegian football club from the town of Kristiansand, currently playing in Tippeligaen having been promoted from Adeccoligaen in 2012?|IK Start|575|['5730', '5731']|['2011 la manga cup', 'ik start']|True
hotpot:576|When did the tour begin for the album Taylor Swift released on October 22, 2012?|March 13, 2013|576|['5740', '5743']|['red taylor swift album', 'the red tour']|True
hotpot:577|At which university did the notable psychoanalyst associated with the University of Chicago serve most of his career as a professor of psychiatry?|University of New York Upstate|577|['5745', '5752']|['chicago institute for psychoanalysis', 'thomas szasz']|True
hotpot:578|Chicagoland Sports Hall of Fame was founded by the company located in what Washington town, near the state capital?|Tumwater, Washington|578|['5758', '5763']|['chicagoland sports hall of fame', 'olympia brewing company']|True
hotpot:579|"The album ""The Best of LeAnn Rimes"" contained a song used as the theme song for a film. What is the name of the film?"|Coyote Ugly|579|['5770', '5771']|['can t fight the moonlight', 'the best of leann rimes']|True
hotpot:580|My Secret Hotel is a television series starring a South Korean DJ who rose to fame as the lead actress in what?|Queen In-hyun's Man|580|['5774', '5778']|['my secret hotel', 'yoo in na']|True
hotpot:581|Where was the author of Thoughts of Machiavelli born?|Germany|581|['5789', '5790']|['leo strauss', 'thoughts on machiavelli']|True
hotpot:582|The was the album with the song  Unbelievable by American rapper The Notorious B.I.G released?|September 13, 1994|582|['5796', '5802']|['ready to die', 'unbelievable the notorious b i g song']|True
hotpot:583|Which NCAA record does the quarterback of the Minnesota Vikings hold?|most total touchdowns in NCAA history|583|['5806', '5809']|['case keenum', 'dan lefevour']|True
hotpot:584|"Which king of Northumbria did The ""Historia"" gives the abbot central place in his election as king"|Guthred or Guthfrith|584|['5818', '5823']|['eadred lulisc', 'guthred']|True
hotpot:585|What foundation do scholars give for the likelihood of collaboration on a William Shakespeare Play written between 1588 and 1593?|linguistic analysis|585|['5827', '5828']|['authorship of titus andronicus', 'william shakespeare s collaborations']|True
hotpot:586|"Fantasy Records is know for recordings of comedian Lenny Bruce, Creedence Clearwater Revival, and what American jazz pianist who composed the music for the animated television adaptations of the ""Peanuts"" comic strip?"|Vincent Anthony Guaraldi|586|['5836', '5840']|['fantasy records', 'vince guaraldi']|True
hotpot:587|When was the date of birth of one of the founder of Congo Reform Association?|1 September 1864|587|['5848', '5852']|['congo reform association', 'roger casement']|True
hotpot:588|Which country borders the Central African Republic and is south of Libya and east of Niger?|Republic of Chad|588|['5857', '5860']|['chad', 'geography of the central african republic']|True
hotpot:589|Which piece did Ludwig van Beethoven publish in 1801 that was dedicated to Count Moritz von Fries?|Symphony No. 7|589|['5865', '5869']|['symphony no 7 beethoven', 'violin sonata no 5 beethoven']|True
hotpot:590|The American restaurant chain, the Original House of Pies, is also responsible for an American chain of fruit drink beverage stores with an eponymous beverage consisting of what?|orange juice|590|['5880', '5882']|['house of pies', 'orange julius']|True
hotpot:591|Red Mountain is a film that centers on an attempt by a group of what group of Civil War rangers?|pro-Confederate|591|['5892', '5893']|['quantrill s raiders', 'red mountain film']|True
hotpot:592|"In what year did the actor who starred in the TV Land original series ""The Soul Man"" host the Black Movie Awards?"|2005|592|['5899', '5900']|['black movie awards', 'cedric the entertainer']|True
hotpot:593|Which band has released the most studio albums, Blonde Redhead or Rob Zombie's band White Zombie?|Blonde Redhead|593|['5910', '5913']|['blonde redhead', 'rob zombie']|True
hotpot:594|What type of engine powered both the Saab 36 and the Avro Vulcan?|British Bristol Olympus turbojet|594|['5915', '5918']|['avro vulcan', 'saab 36']|True
hotpot:595|Who was born first, Krzysztof Zanussi or Thom Andersen?|Krzysztof Zanussi|595|['5927', '5929']|['krzysztof zanussi', 'thom andersen']|True
hotpot:596|Where was the movement that August Brancart published literature from centerd?|Western Europe|596|['5940', '5943']|['auguste brancart', 'decadent movement']|True
hotpot:597|Caste starred what English character actress who was nominated for an Academ Award for her performance in Room at the Top?|Hermione Baddeley|597|['5952', '5953']|['caste film', 'hermione baddeley']|True
hotpot:598|What movie is the the Spinning turtle attraction in the worlds 21st largest theme park based off of?|Finding Nemo|598|['5954', '5957']|['crush s coaster', 'walt disney studios park']|True
hotpot:599|When was the American actor, film director which  Dana Brunetti is the president of his company born|July 26, 1959|599|['5968', '5970']|['dana brunetti', 'kevin spacey']|True
hotpot:600|The song Arizona was recorded by Paul Revere and Mark Lindsay but who wrote the song?|Kenny Young|600|['5978', '5983']|['arizona song', 'mark lindsay']|True
hotpot:601|Stephen susco wrote a movie produced by which american film actor?|Sam Raimi|601|['5985', '5988']|['sam raimi', 'the grudge 2']|True
hotpot:602|North American Aviation was the company that created what single-engined training aircraft?|North American Aviation T-6 Texan|602|['5997', '6002']|['north american aviation', 'north american t 6 texan']|True
hotpot:603|"""Black Maverick"" is a biography of what American civil rights leader, fraternal organization leader, entrepreneur and surgeon?"|T. R. M. Howard|603|['6005', '6009']|['david t beito', 't r m howard']|True
hotpot:604|Lucas da Silva Carvalho was an unused reserve runner for a Brazilian athletics track event which at top class events is run in lanes for the first what?|500 metres|604|['6014', '6016']|['4 400 metres relay', 'lucas carvalho']|True
hotpot:605|are the documentaries Out of Place and The Mosuo Sisters by the same director ?|no|605|['6026', '6029']|['out of place', 'the mosuo sisters']|True
hotpot:606|"In what year was the actress who was starred in ""Streak"" with Rumer Willis born?"|1986|606|['6034', '6038']|['brittany snow', 'streak film']|True
hotpot:607|Watercliffe Meadow Primary Schools name change is an example of what term generally used to describe the avoidance of certain language?|political correctness|607|['6049', '6050']|['political correctness', 'watercliffe meadow community primary school']|True
hotpot:608|Muz-TV was launched before the 24-hour music channel that was operated by what company?|Prof Media|608|['6054', '6062']|['mtv russia', 'muz tv']|True
hotpot:609|Who was older, George Atzerodt or Andrew Johnson?|Andrew Johnson|609|['6064', '6068']|['andrew johnson', 'george atzerodt']|True
hotpot:610|Are both Parodia and Thalictrum flowering plants?|yes|610|['6074', '6075']|['parodia', 'thalictrum']|True
hotpot:611|Are Guildford Cathedral and St Paul's Cathedral both located in England?|yes|611|['6076', '6084']|['guildford cathedral', 'st paul s cathedral']|True
hotpot:612|Are Distortion Mirrors and OK Go both considered rock bands?|yes|612|['6087', '6088']|['distortion mirrors', 'ok go']|True
hotpot:613|Which author is an economist, Czesław Miłosz or Bhabananda Deka?|Prof Bhabananda Deka|613|['6096', '6105']|['bhabananda deka', 'czesław miłosz']|True
hotpot:614|This event which was part of the 1954 AAA National Championship Trail was held at a racing circuit located at the corner of what?|16th Street and Georgetown Road|614|['6107', '6110']|['1954 indianapolis 500', 'indianapolis motor speedway']|True
hotpot:615|"The Simpsons episode that aired on February 19, 2012 entitled ""At Long Last Leave"" represented what milestone for the show?"|show's 500th episode|615|['6117', '6123']|['at long last leave', 'the simpsons season 23']|True
hotpot:616|The term Moneybomb was coined by Trevor Lyman to describe a massive online donation drive on behalf of a presidential candidate that was the first chairman of what PAC?|Citizens for a Sound Economy|616|['6131', '6136']|['moneybomb', 'ron paul']|True
hotpot:617|Approximately how many locations is BJ's Wholesale Club operating in, as of early 2008?|650 locations|617|['6144', '6146']|['bj s wholesale club', 'us vision']|True
hotpot:618|Which North American tribe inhabited the banks of the Winnipesaukee River and were also known as the Pawtucket people?|the Pennacook people|618|['6152', '6155']|['lochmere archeological district', 'pennacook']|True
hotpot:619|"What sub-genre of heavy metal describes the band ""It's Alive""?"|Glam metal|619|['6162', '6165']|['glam metal', 'it s alive band']|True
hotpot:620|"When was the duo formed who's English language song is the ""Freaky Like Me""?"|1992|620|['6170', '6174']|['freaky like me', 'madcon']|True
hotpot:621|What indigenous American ethnic group that inhabits land in the northern United States and southern Canada was part of the Treaty of Springwells?|Odawa|621|['6178', '6185']|['odawa', 'treaty of springwells']|True
hotpot:622|Which band formed earlier, Edward Sharpe and the Magnetic Zeros or Louis XIV?|Louis XIV|622|['6187', '6193']|['edward sharpe and the magnetic zeros', 'louis xiv band']|True
hotpot:623|The Peabody Hotel in Memphis (and a sister hotel in Orlando) are named after what residents of the hotel rooftop?|Ducks|623|['6200', '6203']|['hyatt regency orlando', 'peabody hotel']|True
hotpot:624|Who was born first, Samantha Cristoforetti or Jean-Loup Chrétien|Jean-Loup Jacques Marie Chrétien|624|['6209', '6213']|['jean loup chrétien', 'samantha cristoforetti']|True
hotpot:625|In what country was Cudjoe's leader born?|Ghana|625|['6222', '6225']|['cudjoe', 'nanny of the maroons']|True
hotpot:626|What is the are of the university at which Dick Biddle served as head football coach?|575 acres (2.08 km²)|626|['6233', '6235']|['colgate university', 'dick biddle']|True
hotpot:627|Flynn Rider is voiced by which American actor and singer born September 29, 1980?|Zachary Levi|627|['6241', '6246']|['flynn rider', 'zachary levi']|True
hotpot:628|What year was the American healthy lifestyle magazine, in which Georgia Rickard contributed, started?|1950|628|['6247', '6256']|['georgia rickard', 'prevention magazine']|True
hotpot:629|Who was one of the stars who played the two oldest children in a TV series which had a 2010 movie based on it?|Michael Seater|629|['6259', '6264']|['life with derek', 'vacation with derek']|True
hotpot:630|Jin Jing is a Chinese female Paralympic fencer who called for a boycott of what retailer whose name means crossroads and public square in French?|Carrefour|630|['6272', '6274']|['carrefour', 'jin jing']|True
hotpot:631|What was the occupation of the man who published an individualist anarchist journal?|American schoolteacher and publisher|631|['6283', '6285']|['lucifer the lightbearer', 'moses harman']|True
hotpot:632|Berk Communication and Marketing Group  best known for representing an American professional baseball pitcher for what team?|New York Yankees|632|['6293', '6295']|['berk communications', 'cc sabathia']|True
hotpot:633|What Australian beer is a British style pale ale whose label features a character conceived in 1926?|Ballarat Bitter is a 4.9% (abv) Australian beer|633|['6303', '6305']|['ballarat bitter', 'bitter beer']|True
hotpot:634|The Worst Journey in the World is a memoir written by which English explorer of Antarctica?|Apsley George Benet Cherry-Garrard|634|['6308', '6313']|['apsley cherry garrard', 'the worst journey in the world']|True
hotpot:635|The Panel with striding lion  was one of many that lined the way north of the gate to the inner city of what location?|Babylon|635|['6319', '6327']|['ishtar gate', 'panel with striding lion']|True
hotpot:636|Which part of Scotland is this institute found where Alice König is a lecturer in Latin and Classical Studies?|St Andrews, Fife, Scotland|636|['6331', '6336']|['alice könig', 'university of st andrews']|True
hotpot:637|An American who is a German literature translator and did a thesis on an Austrian prodigy born in 1874 taught at which university?|University of Vienna|637|['6343', '6346']|['hugo von hofmannsthal', 'vincent kling translator']|True
hotpot:638|"The singer known as the ""Ballad Prince"" was on a romantic comedy that aired on what state-run channel from August 11 to September 30, 2010?"|SBS|638|['6349', '6352']|['lee seung gi', 'my girlfriend is a nine tailed fox']|True
hotpot:639|Which number-one single is Michael Steele responsible for?|"""Walk Like an Egyptian"""|639|['6365', '6367']|['ezo band', 'the bangles']|True
hotpot:640|Who owns an English evening newspaper based in Blackpool, Lancashire?|Johnson Press|640|['6371', '6374']|['blackpool gazette', 'lytham st annes express']|True
hotpot:641|Which English actor, comedian and singer is featured in Chalk and Cheese?|Michael Patrick Smith|641|['6381', '6384']|['chalk and cheese', 'michael crawford']|True
hotpot:642|E! Hollywood Hold'em was hosted by a poker player of what nationality?|Irish|642|['6391', '6396']|['e hollywood hold em', 'phil laak']|True
hotpot:643|Sir Johnston Forbes-Robertson was considered the finest at playing a character who was the king of which country ?|Prince of Denmark|643|['6399', '6402']|['johnston forbes robertson', 'prince hamlet']|True
hotpot:644|"Thomas Matthew ""Tom"" Chappell co-founded a commpany in 1970 that manufactures what products?"|natural-ingredients-only personal care products|644|['6412', '6417']|['tom chappell', 'tom s of maine']|True
hotpot:645|"Which American comedian born on March 21, 1962, appeared in the movie ""Sleepless in Seattle?"""|Rosie O'Donnell|645|['6419', '6421']|['rosie o donnell', 'sleepless in seattle']|True
hotpot:646|Joseph Benavidez has been compared favorably to which retired bantamweight and featherweight MMA fighter?|Urijah Christopher Faber|646|['6436', '6438']|['joseph benavidez', 'urijah faber']|True
hotpot:647|This art gallery is a museum was founded and built by the industrialist and philanthropist who briefly sat as a Liberal MP for Wirral and later, as Lord Leverhulme, in the House of Lords as a what?|Peer|647|['6444', '6446']|['lady lever art gallery', 'william lever 1st viscount leverhulme']|True
hotpot:648|"What role did Thomas Doherty play in sitcom based on the Israeli series ""North Star""?"|Sean|648|['6455', '6457']|['the lodge tv series', 'thomas doherty actor']|True
hotpot:649|In between Liberty and MIT Technology Review which has a circulation of over 200,000?|Liberty|649|['6463', '6468']|['liberty adventist magazine', 'mit technology review']|True
hotpot:650|GamesMaster has a sister publicantion that is published how many times per year?|13|650|['6471', '6474']|['edge magazine', 'gamesmaster magazine']|True
hotpot:651|What is the birthdate of this American comedian, actress, and writer, who was a supporting cast remember in Brooklyn Nine-Nine as Gina?|February 20, 1978|651|['6482', '6484']|['brooklyn nine nine', 'chelsea peretti']|True
hotpot:652|What type of beliefs does Mount Ida and Rhea have in common?|Greek mythology|652|['6493', '6497']|['mount ida', 'rhea mythology']|True
hotpot:653|What kind of musicians are Mark Gaudet and Jan Axel Blomberg?|drummer|653|['6500', '6507']|['jan axel blomberg', 'mark gaudet']|True
hotpot:654|Which canal, Miami Canal or Dundee Canal, also supplies hydro-power and water for manufacturing?|Dundee Canal|654|['6511', '6513']|['dundee canal', 'miami canal']|True
hotpot:655|The Lance Todd Trophy is presented at a stadium located in what country?|England|655|['6519', '6525']|['aj bell stadium', 'lance todd trophy']|True
hotpot:656|What former nose tackle announced ESPN College Football Friday Primetime in 2017?|Dusty Dvoracek|656|['6530', '6538']|['dusty dvoracek', 'espn college football friday primetime']|True
hotpot:657|Which of the following stars Jeff Bridges as a computer programmer: Tron or The Million Dollar Duck?|Tron|657|['6541', '6545']|['the million dollar duck', 'tron']|True
hotpot:658|Which 9th longest-running musical in Broadway history was the 30th Disney animated feature film?|Beauty and the Beast|658|['6549', '6551']|['beauty and the beast 1991 film', 'beauty and the beast franchise']|True
hotpot:659|"When was the seven-time World and Olympic medalist on which ""Foxcatcher"" was based born?"|June 6, 1959|659|['6561', '6562']|['dave schultz wrestling', 'foxcatcher']|True
hotpot:660|Carl von Donop was a colonel of which German auxiliaries?|Hessians|660|['6572', '6577']|['carl von donop', 'hessian soldier']|True
hotpot:661|Which building is used for more different uses, MiMA or 270 Park Avenue?|MiMA|661|['6579', '6583']|['270 park avenue', 'mima building']|True
hotpot:662|Stacey Totman is the former head coach of the college golf team that competes in what conference?|Big 12|662|['6590', '6598']|['stacey totman', 'texas tech red raiders golf']|True
hotpot:663|Where does the story take place in 1988 film The Moderns?|1926 Paris|663|['6603', '6606']|['john lone', 'the moderns']|True
hotpot:664|"The actress that plays Kaylee Frye in the series ""Firefly"" also stars with Alan Dale in a sci-fi tv film released in what year?"|2011|664|['6615', '6616']|['doomsday prophecy', 'jewel staite']|True
hotpot:665|In what year did the Danish plant ecologist who assisted a Danish chemist, famous for the introduction of the concept of pH die?|1974|665|['6620', '6626']|['carsten olsen', 's p l sørensen']|True
hotpot:666|Which airport is busier, Palm Springs International Airport or Trenton–Mercer Airport?|Trenton–Mercer Airport|666|['6629', '6637']|['palm springs international airport', 'trenton mercer airport']|True
hotpot:667|Who runs the website surpassed by both Baidu Baike and Hudong.com?|Wikimedia Foundation|667|['6639', '6644']|['baidu baike', 'chinese wikipedia']|True
hotpot:668|What is Rachelle Amy Beinart's role in the film that follows a group of rebels on a mission?|stunt performances|668|['6649', '6658']|['rachelle beinart', 'rogue one']|True
hotpot:669|Peter Curtis and Scott Draper are both what?|former tennis player|669|['6665', '6668']|['peter curtis tennis', 'scott draper']|True
hotpot:670|What year was a joint venture between RLJ Companies and this film studio founded in 2005, founded?|2006|670|['6670', '6675']|['our stories films', 'the weinstein company']|True
hotpot:671|What country of origin does The Late Late Show and Craig Kilborn have in common?|American|671|['6681', '6688']|['craig kilborn', 'the late late show u s tv series']|True
hotpot:672|Angelo Francesco Lavignino scored a 1965 English-language Spanish-Swiss co-produced film that was directed by and also starred who?|Orson Welles|672|['6694', '6698']|['angelo francesco lavagnino', 'chimes at midnight']|True
hotpot:673|In 2011 what was the population of the town where Deep Purple were formed ?|about 26,000.|673|['6700', '6701']|['deep purple', 'hertford']|True
hotpot:674|What three categories does income get levied under the Parliament of Australia's tax code?|"""personal earnings"" (such as salary and wages), ""business income"" and ""capital gains"""|674|['6711', '6717']|['income tax assessment act 1936', 'income tax in australia']|True
hotpot:675|Who commissioned the series of 12 monuments dedicated to the spirit of pioneer women along the Ocean-to-Ocean Highway?|the National Society of Daughters of the American Revolution|675|['6719', '6720']|['madonna of the trail', 'national old trails road']|True
hotpot:676|What form of play does Yameen and Activision have in common?|video game|676|['6729', '6734']|['activision', 'yameen']|True
hotpot:677|Where was the armory at which Model 1840 flintlock musket was produced located?|city of Springfield, Massachusetts|677|['6744', '6748']|['springfield armory', 'springfield model 1840 flintlock musket']|True
hotpot:678|How many animals does the wall running between the West Gate Lodge and Cardiff Castle depict?|15|678|['6749', '6758']|['animal wall', 'west lodge cardiff castle']|True
hotpot:679|Henry Roth and Lewis Mumford are both this nationality?|American|679|['6761', '6768']|['henry roth', 'lewis mumford']|True
hotpot:680|Orlando Brown is best known for his role as 3J Winslow in an American sitcom that was a spin-off of what?|Perfect Strangers|680|['6774', '6776']|['family matters', 'orlando brown actor']|True
hotpot:681|What is the main industry of this town with a population of around 2,600 as of 2010 that has Mountain Valley High School attendees as residents?|papermaking industry|681|['6782', '6785']|['mexico maine', 'mountain valley high school']|True
hotpot:682|What show other than Hello Ross did Chelsea Handler appear on in January of 2016|Chelsea Does|682|['6797', '6799']|['chelsea handler', 'hello ross']|True
hotpot:683|"Who is still with the group that covered ""Leather-Winged Bat"" in 1969?"|Yarrow and Stookey|683|['6802', '6803']|['leather winged bat', 'peter paul and mary']|True
hotpot:684|How many people were in the group which preceded the release of Eric Clapton's 1975 album E.C. Was Here?|four|684|['6817', '6819']|['derek and the dominos', 'e c was here']|True
hotpot:685|Besides the founder of Led Zeppelin, and Bert Jansch, what other to British musician was heavily influenced by Davey Graham?|Eric Clapton|685|['6821', '6828']|['folk blues and beyond', 'jimmy page']|True
hotpot:686|What was the proper name of the husband of Lollia Paullina?|Gaius Julius Caesar Augustus Germanicus|686|['6834', '6837']|['caligula', 'lollia paulina']|True
hotpot:687|"What season of the Indian reality TV series ""Big Boss"" did the model Lopamundra Raut compete in?"|the tenth season|687|['6849', '6850']|['bigg boss 10', 'lopamudra raut']|True
hotpot:688|"The song ""Judgment Night"" was a collaboration between Onyx and the heavy metal band formed in which city?"|Brooklyn, New York|688|['6856', '6860']|['biohazard band', 'judgment night soundtrack']|True
hotpot:689|What legend that lends its name to a modern medical term, inspired the plot of the horror film Ghostkeeper?|Wendigo|689|['6864', '6870']|['ghostkeeper', 'wendigo']|True
hotpot:690|What was the name of the team that represented an Arizona university in the conference that covers a broad expanse of the western United States, including Arizona, California, and New Mexico?|Arizona State Sun Devils|690|['6876', '6880']|['1966 arizona state sun devils football team', 'western athletic conference']|True
hotpot:691|Scout Tufankjian and Daron Malakian are both what?|Armenian–American|691|['6883', '6889']|['daron malakian', 'scout tufankjian']|True
hotpot:692|Where will the 2017 Atlantic 10 Men's Basketball Tournament be hosted?|PPG Paints Arena|692|['6896', '6900']|['2017 atlantic 10 men s basketball tournament', 'ppg paints arena']|True
hotpot:693|The major benefactor who donated money to build Archbold Gymnasium sold his oil company to whom?|John D Rockefeller's Standard Oil Company|693|['6902', '6908']|['archbold gymnasium', 'john dustin archbold']|True
hotpot:694|Who did Fredric Rieders tesify agains who had killed as many as 60 patients and recieved three consecutive life terms to be served in Florence Colorado?|Michael Swango|694|['6916', '6919']|['fredric rieders', 'michael swango']|True
hotpot:695|At the 46th Grammy Awards, which award did the album by The White Stripes, which included the song Seven Nation Army, win?|Best Alternative Music Album|695|['6926', '6928']|['elephant album', 'seven nation army']|True
hotpot:696|Who has won more Grand Slam women's doubles titles, Lisa Raymond or Liezel Huber?|Liezel Huber|696|['6931', '6932']|['liezel huber', 'lisa raymond']|True
hotpot:697|The Luther seal was designed for the professor of theology of what nationalty at the behest of John Frederick of Saxony?|German|697|['6942', '6947']|['luther rose', 'martin luther']|True
hotpot:698|What type of publication does St. Anthony Messenger and Revolver have in common?|magazine|698|['6957', '6958']|['revolver magazine', 'st anthony messenger']|True
hotpot:699|Which novelist wrote under the pen name Walter Ericson: Laura Esquivel or Howard Fast?|Howard Melvin Fast|699|['6963', '6970']|['howard fast', 'laura esquivel']|True
hotpot:700|Emmett Brown rides in a sports car that features what type of doors?|gull-wing doors|700|['6973', '6975']|['delorean dmc 12', 'emmett brown']|True
hotpot:701|Edmund Robert Harris is the principal benefactor of a museum located where ?|Preston|701|['6986', '6988']|['edmund robert harris', 'harris museum']|True
hotpot:702|What was the location of the execution of Roger David Casement, the Irish Nationalist who made made efforts during World War I to gain German military aid for the 1916 Easter Rising that sought to gain Irish independence?|Casement's Fort|702|['6991', '6999']|['rahoneen', 'roger casement']|True
hotpot:703|Although a dependent territory remains politically outside of the controlling state's integral area, what else can it contain?|the flags|703|['7004', '7008']|['dependent territory', 'gallery of flags of dependent territories']|True
hotpot:704|What date did the movement Hans Knirsch was an activist for officially gain traction?|November 15, 1903|704|['7013', '7019']|['austrian national socialism', 'hans knirsch']|True
hotpot:705|Were Illinois Institute of Technology and Boise State University both bounded before 1950?|yes|705|['7023', '7029']|['boise state university', 'illinois institute of technology']|True
hotpot:706|Who did President Franklin Roosevelt appoint that was responsible to transmit votes of the Electoral College to Congress?|Robert Digges Wimberly Connor|706|['7033', '7037']|['national archives and records administration', 'robert digges wimberly connor']|True
hotpot:707|Which movie was released first, 'Mean Girls' or the remake of 'April Fool's Day'?|Mean Girls|707|['7041', '7043']|['april fool s day 2008 film', 'mean girls']|True
hotpot:708|Which American singer and songwriter has a mezzo-soprano vocal range, Tim Armstrong or Tori Amos?|Tori Amos|708|['7052', '7059']|['tim armstrong', 'tori amos']|True
hotpot:709|Roden Brothers were taken over in 1953 by a group headquartered in which Canadian city ?|Montreal|709|['7062', '7070']|['birks group', 'roden brothers']|True
hotpot:710|After David Stern retired from being commissioner of the NBA, this american lawyer and businessman succeed him and is now the current commissioner who is he?|Adam Silver|710|['7072', '7076']|['adam silver', 'commissioner of the nba']|True
hotpot:711|How many people did the South Korean spree killer which NICS Improvement Amendments Act of 2007 enabaled to buy firearm killed in 2007|32 people|711|['7086', '7089']|['nics improvement amendments act of 2007', 'seung hui cho']|True
hotpot:712|What is the name of the Australian specialist electronic music magazine that features avant-rock, experimental sound art, and experimental hip hop?|Cyclic Defrost|712|['7095', '7097']|['cyclic defrost', 'experimental hip hop']|True
hotpot:713|Joel H. Cohen is the younger brother of one-time Simpsons writer who has also written for which show?|"""The Wonder Years"""|713|['7105', '7109']|['joel h cohen', 'robert cohen writer']|True
hotpot:714|"Which ""Mirrors"" actress made her film debut in the 2005 comedy film ""Hitch""?"|Paula Maxine Patton|714|['7114', '7118']|['mirrors film', 'paula patton']|True
hotpot:715|Into Dust is a song by the alternative rock band formed in which city?|Santa Monica, California|715|['7124', '7130']|['into dust', 'mazzy star']|True
hotpot:716|Who was the leading actor of the Christmas movie that Rebecca Forstadt did background voices for?|Tim Allen|716|['7132', '7136']|['rebecca forstadt', 'the santa clause']|True
hotpot:717|Carlos Salazar Lomelín is the CEO of which Mexican multinational beverage retailer?|Fomento Económico Mexicano|717|['7146', '7148']|['carlos salazar lomelín', 'femsa']|True
hotpot:718|Albanians in Montenegro which make up 4.91 of the county's total population could be members of the Albanian Coalation Perspect which is a what?|Albanian political party in Montenegro|718|['7156', '7159']|['albanian coalition quot perspective quot', 'albanians in montenegro']|True
hotpot:719|What football league did John Moncur belong to during his time at Ipswich Town F.C.?|Championship|719|['7167', '7170']|['ipswich town f c', 'john moncur']|True
hotpot:720|Jason Regler, stated that he had the idea for the flashing wristbands during a song built around which instrument ?|an organ|720|['7177', '7179']|['fix you', 'xyloband']|True
hotpot:721|"Who was the director of the 2000 American comedy film in which the actress, whose first role in film was in director Martin Kunert's film ""Campfire Tales"", played a role?"|Todd Phillips|721|['7184', '7190']|['amy smart', 'road trip film']|True
hotpot:722|Who has won more awards, Dan Schneider or Helen Hunt?|Helen Elizabeth Hunt|722|['7192', '7195']|['dan schneider tv producer', 'helen hunt']|True
hotpot:723|Nathan Bridger was a character played by which actor and amateur boxer?|Roy Richard Scheider|723|['7205', '7206']|['nathan bridger', 'roy scheider']|True
hotpot:724|Which team's 2013-2014 season had players including a Slovenian who plays at both the point guard and shooting guard positions?|the Phoenix Suns|724|['7213', '7214']|['2013 14 phoenix suns season', 'goran dragić']|True
hotpot:725|Erwin Lambert was a member of which paramilitary organization under Hitler?|Schutzstaffel|725|['7221', '7229']|['erwin lambert', 'schutzstaffel']|True
hotpot:726|Which film was created more recently, Koyaanisqatsi or Mad Hot Ballroom?|Mad Hot Ballroom|726|['7238', '7240']|['koyaanisqatsi', 'mad hot ballroom']|True
hotpot:727|Michael Pollock was was a senior officer in the United Kingdom's naval warfare force, also known as the what?|Royal Navy|727|['7246', '7247']|['michael pollock', 'royal navy']|True
hotpot:728|Casey Jr. Splash 'n' Soak Station is an attraction in a city located in which county ?|Orange County|728|['7255', '7259']|['bay lake florida', 'casey jr splash n soak station']|True
hotpot:729|Which musician is older, Philip Labonte or Alexi Laiho?|Philip Steven Labonte|729|['7261', '7267']|['alexi laiho', 'philip labonte']|True
hotpot:730|"Which WWE wrestler who performs on the Smackdown brand has his initials as part of the team ""Rated-RKO"|Randy Orton|730|['7272', '7276']|['randy orton', 'rated rko']|True
hotpot:731|Sebastian Gutierrez is known for writing the screenplay for the 2003 film directed by whom?|Mathieu Kassovitz|731|['7282', '7283']|['gothika', 'sebastian gutierrez']|True
hotpot:732|To what sport does the Atomweight class belong?|mixed martial arts|732|['7291', '7299']|['atomweight mma', 'liz mccarthy fighter']|True
hotpot:733|The Aviation Hall of Fame and Museum of New Jersey is located at the airport in which New Jersey county?|Bergen|733|['7304', '7310']|['aviation hall of fame and museum of new jersey', 'teterboro airport']|True
hotpot:734|The History of Ranching is a mural that was originally located at an American brewery that in 1999 began trasfering its production to who?|Miller Brewing|734|['7314', '7318']|['pearl brewing company', 'the history of ranching winn']|True
hotpot:735|Are both Disney Magazine and The Ring still in publication?|no|735|['7327', '7329']|['disney magazine', 'the ring magazine']|True
hotpot:736|Which band formed first, Awolnation or Foo Fighters?|Foo Fighters|736|['7335', '7338']|['awolnation', 'foo fighters']|True
hotpot:737|Young Sheldon, the tv series that follows the character Sheldon Cooper at the age of 9, is a spin-off from what prequel?|"""The Big Bang Theory"""|737|['7344', '7347']|['sheldon cooper', 'young sheldon']|True
hotpot:738|Mawson  is an electoral district that includes the wine regional around which town 35 km south of Adelaide?|McLaren Vale|738|['7356', '7357']|['electoral district of mawson', 'mclaren vale']|True
hotpot:739|Are Pterostyrax and Dregea both native to Asia?|yes|739|['7365', '7370']|['dregea', 'pterostyrax']|True
hotpot:740|"Who else besides ""The Golden Jet"" was born in Point Anne, Ontario?"|Dennis Hull, as well as painter Manley MacDonald.|740|['7373', '7378']|['bobby hull', 'point anne ontario']|True
hotpot:741|Boggle is a word game originally distributed by a toy and game manufacturer that published more than how many games?|1,800|741|['7385', '7390']|['boggle', 'parker brothers']|True
hotpot:742|"The attraction at universal studios that was based on ""The Tonight Show"" replaced an attraction that replaced an attraction based on what movie?"|Ghostbusters Spooktacular|742|['7391', '7392']|['race through new york starring jimmy fallon', 'twister ride it out']|True
hotpot:743|"Who holds the world record for jumping over 6 buses and appeared on the British television series ""The Jump""?"|"Eddie ""The Eagle"" Edwards"|743|['7406', '7409']|['eddie quot the eagle quot edwards', 'the jump']|True
hotpot:744|St Dionis Backchurch was rebuilt after a major conflagration that consumed how many parish churches?|87|744|['7412', '7413']|['great fire of london', 'st dionis backchurch']|True
hotpot:745|"Which show which aired on NBC from September 22, 1994, to May 6, 2004, has the fifteenth episode entitled, ""The One with the Girl Who Hits Joey""?"|Friends|745|['7428', '7430']|['friends', 'the one with the girl who hits joey']|True
hotpot:746|Who directed the 1941 film based on the novel of the same name by Zane Grey starring an actor who was also an artist and stuntman?|James Tinling|746|['7437', '7438']|['george montgomery actor', 'last of the duanes 1941 film']|True
hotpot:747|Which North Central town in Florida is home to the punk rock band Against Me!?|Gainesville, Florida|747|['7446', '7448']|['don t lose touch', 'gainesville florida']|True
hotpot:748|What type of bank organization is Pondicherry Gramin Bank that it operates in different States of India?|Regional Rural Bank|748|['7451', '7452']|['pondicherry gramin bank', 'regional rural bank']|True
hotpot:749|"From which city in Oklahoma is the singer of a song that peaked at number 24 on ""Billboard"" magazine's pop chart in December 1953?"|Oklahoma City|749|['7462', '7469']|['gayla peevey', 'i want a hippopotamus for christmas']|True
hotpot:750|What profession does H. L. Mencken and Albert Camus have in common?|journalist|750|['7478', '7480']|['albert camus', 'h l mencken']|True
hotpot:751|Of which band was the singer who released the record I Get Weak once a member ?|The Go-Go's,|751|['7483', '7490']|['belinda carlisle', 'i get weak']|True
hotpot:752|Are David O. Russell and Tony Gatlif from the same country?|no|752|['7492', '7500']|['david o russell', 'tony gatlif']|True
hotpot:753|What church was the college Marjorie Hass is the 20th president of formerly affiliated with?|Presbyterian Church|753|['7506', '7508']|['marjorie hass', 'rhodes college']|True
hotpot:754|Which was published more frequently, Popular Science or Girlfriends?|Girlfriends|754|['7516', '7517', '7518']|['girlfriends magazine', 'popular science']|True
hotpot:755|"Which album came out first, ""Paper Trail"" or ""If Tomorrow Comes...""?"|Paper Trail|755|['7522', '7528']|['all the above maino song', 'live your life t i song']|True
hotpot:756|Bobby Godsell held a senior position in which global company that was formed in 2004?|AngloGold Ashanti|756|['7537', '7538']|['anglogold ashanti', 'bobby godsell']|True
hotpot:757|The football maneuver, known as the horse-collar tackle is most closely associated with a player that was drafted by what NFl team in 2002?|Dallas Cowboys|757|['7542', '7549']|['horse collar tackle', 'roy williams safety']|True
hotpot:758|Wim Jonk manages Cruyff Football together with the footballer who is also currently manager of which team?|Tel Aviv|758|['7555', '7558']|['jordi cruyff', 'wim jonk']|True
hotpot:759|Were Halldór Laxness and Timothy Leary from the same country?|no|759|['7561', '7567']|['halldór laxness', 'timothy leary']|True
hotpot:760|The La Senza brand is currently owned by a fashion retailer based in what Ohio city?|Columbus|760|['7578', '7579']|['l brands', 'la senza']|True
hotpot:761|Are the libretto of Tristan und Isolde and Ariane et Barbe-bleue in the same language?|no|761|['7584', '7587']|['ariane et barbe bleue', 'tristan und isolde']|True
hotpot:762|What Japanese Auto Manufacturer headquarted in Minato, Tokyo, Japan did Nissan aquire controlling interest in?|Mitsubishi|762|['7594', '7597']|['mitsubishi motors', 'renault nissan mitsubishi alliance']|True
hotpot:763|What is the population of the city at which the transmitter of WLLZ-LP was placed?|143,372|763|['7604', '7610']|['traverse city michigan', 'wllz lp']|True
hotpot:764|Richford is a town in Franklin County Vermont governed by what kind of body?|town meeting legislative body|764|['7614', '7619']|['new england town', 'richford vermont']|True
hotpot:765|Altnahinch is located in a county that has a population density of how many per square mile?|526|765|['7624', '7630']|['altnahinch dam', 'county antrim']|True
hotpot:766|What occupations do Charles Burnett and Alan J. Pakula have in common?|film director, film producer, writer|766|['7631', '7634']|['alan j pakula', 'charles burnett director']|True
hotpot:767|Which movie did Disney produce first,  The Many Adventures of Winnie the Pooh or Ride a Wild Pony?|Ride a Wild Pony|767|['7646', '7649']|['ride a wild pony', 'the many adventures of winnie the pooh']|True
hotpot:768|In what year was the Golden State NBA player, who was part of the Cavaliers-Warriors rivalry, named NBA Finals Most Valuable Player?|2015|768|['7657', '7659']|['andre iguodala', 'cavaliers warriors rivalry']|True
hotpot:769|Which was released first, The Climb or Voices of Iraq?|Voices of Iraq|769|['7663', '7668']|['the climb 2007 film', 'voices of iraq']|True
hotpot:770|Peter Dhao created a websiteto reflect worldwide views. What was the slogan of the site he created ?|media for the 65.8 million|770|['7675', '7679']|['peter daou', 'verrit']|True
hotpot:771|What is the name of this White House Cheif of Staff, born in 1950, who assumed the role at the same time as Elaine Duke became Secretary of Homeland Security?|John Francis Kelly|771|['7682', '7687']|['elaine duke', 'john f kelly']|True
hotpot:772|Which star in the movie Hush was born April 20, 1949?|Jessica Lange|772|['7691', '7699']|['hush 1998 film', 'jessica lange']|True
hotpot:773|What role did Veda Hlubinka-Cook have in the making of this 1997 video game that takes place on the Orient Express, days before the start of World War I?|technical director|773|['7704', '7708']|['the last express', 'veda hlubinka cook']|True
hotpot:774|Who is descended from William, 4th Lord Livingston and was a statesman from New York City?|Philip Livingston|774|['7715', '7720']|['livingston family', 'philip livingston']|True
hotpot:775|Which film came out first, Still Kicking: Six Artistic Women of Project Arts & Longevity or Time Bombs?|Still Kicking: Six Artistic Women of Project Arts & Longevity|775|['7722', '7726']|['still kicking film', 'time bombs']|True
hotpot:776|What is the name of one the ex-security officials that means The Institute?|Mossad|776|['7732', '7738']|['commanders for israel s security', 'mossad']|True
hotpot:777|Who played Selby Wall in the film that Charlize Theron won an Academy Award for?|Christina Ricci|777|['7744', '7750']|['charlize theron filmography', 'monster 2003 film']|True
hotpot:778|Which author dedicated a 1985 romance novel to the author who did in 2009 and wrote under the pen name Gwyneth Moore?|Eva Ibbotson|778|['7754', '7755']|['a company of swans', 'patricia veryan']|True
hotpot:779|Iola is a city along the Neosho River in a region of Kansas that can be defined by Woddson County in the northwest, and what county in the northeast?|Bourbon County|779|['7761', '7763']|['iola kansas', 'southeast kansas']|True
hotpot:780|Padosan had a supporting actor who is known as a successful playback singer in what language?|Hindi|780|['7771', '7777']|['kishore kumar', 'padosan']|True
hotpot:781|Who starred in the film The Human Factor in 1979, alongside fellow English actors Richard Attenborough and Derek Jacobi?|John Gielgud|781|['7782', '7787']|['derek jacobi', 'the human factor 1979 film']|True
hotpot:782|The creature HNoMS Draug is named after comes from what kind of mythology?|Norse|782|['7793', '7795']|['draugr', 'hnoms draug']|True
hotpot:783|who is younger Ulrich Walter or  Luca Parmitano?|Luca Parmitano|783|['7805', '7809']|['luca parmitano', 'ulrich walter']|True
hotpot:784|What literary style describes the 1968 book that features a 1939 international Harvester school bus?|the growing literary style called New Journalism|784|['7814', '7817']|['further bus', 'the electric kool aid acid test']|True
hotpot:785|Is the building located at 200 West Street taller than the one at 888 7th Avenue?|yes|785|['7822', '7830']|['200 west street', '888 7th avenue']|True
hotpot:786|who was born first Pierre Womé or Christian Poulsen ?|Pierre Nlend Womé|786|['7833', '7834']|['christian poulsen', 'pierre womé']|True
hotpot:787|Where is the company owning Reliance Cricket Stadium ranked on the Fortune Global 500 list as of 2016|215th|787|['7846', '7847']|['reliance cricket stadium', 'reliance industries']|True
hotpot:788|Who had the lowest vocal range in Cosmos?|Jānis Strazdiņš|788|['7853', '7856']|['bass voice type', 'cosmos band']|True
hotpot:789|What is the name of the daughter of the Irish entertainer in the girl band Maxi, Dick and Twink?|Chloë Alexandra Adele Emily Agnew|789|['7861', '7865']|['adele king', 'chloë agnew']|True
hotpot:790|Beena Sarwar is the editor of a peace initiative sponsored by a newpaper based in what city?|Karachi, Pakistan|790|['7877', '7878']|['beena sarwar', 'daily jang']|True
hotpot:791|A wide receiver for the Toronto Argonauts played college football for a team that represents the University of Oklahoma, which belongs to what conference?|Big 12 Conference|791|['7884', '7887']|['justin brown wide receiver', 'oklahoma sooners football']|True
hotpot:792|What is the title of the memoir written by the honoree of the Black and White Ball?|Personal History|792|['7891', '7893']|['black and white ball', 'katharine graham']|True
hotpot:793|Macclesfield Town F.C. plays in the league sponsored by whom?|Vanarama|793|['7904', '7910']|['macclesfield town f c', 'national league division']|True
hotpot:794|"The film ""Arthur Newman"" stars Colin Firth and an actress that made her professional debut in what play?"|"""The Royal Family"""|794|['7913', '7919']|['arthur newman film', 'emily blunt']|True
hotpot:795|"Who was the lead character designer on ""Pepper Ann"", and the creator of Cartoon Network's 13th ""Cartoon Cartoons""?"|Thomas Warburton|795|['7925', '7929']|['codename kids next door', 'tom warburton']|True
hotpot:796|Pramod Bhasin was the former CEO of a company that provided what kind of services?|IT|796|['7931', '7935']|['genpact', 'pramod bhasin']|True
hotpot:797|Blue Dwarf is what type of online text-based role-playing game?|play-by-post role-playing game|797|['7941', '7948']|['blue dwarf roleplaying game', 'play by post role playing game']|True
hotpot:798|Which band has more members, Lawson or American Music Club?|Lawson|798|['7954', '7955']|['american music club', 'lawson band']|True
hotpot:799|Are Waste Land and Shikashika both types of drinks?|no|799|['7963', '7968']|['shikashika', 'waste land film']|True
hotpot:800|Daniel Greene has created what for clients including sportscaster Bryant Gumbel, Eleanor Roosevelt, William Randolph Hearst and Dave Thomas, the founder of Wendy's?|portrait|800|['7971', '7980']|['bryant gumbel', 'daniel greene artist']|True
hotpot:801|What Olympic medal did the opponent of Crawford Ashley for the World Boxing Association (WBA) World super middleweight title win in 1984?|a silver medal|801|['7981', '7985']|['crawford ashley', 'virgil hill']|True
hotpot:802|Max Hoffmann along with Hindenburg and Ludendorff, masterminded the devastating defeat of the Russian armies in a battle fought when ?|26–30 August 1914|802|['7994', '7996']|['battle of tannenberg', 'max hoffmann']|True
hotpot:803|Scott Workman was an American stuntman and actor credited with a successful show on what smaller TV Network?|WB Television Network|803|['8006', '8011']|['buffy the vampire slayer', 'scott workman']|True
hotpot:804|Telos was an album by a band who formed in what city?|Indianapolis|804|['8014', '8018']|['forevermore band', 'telos album']|True
hotpot:805|"Lawerence Turman had produced a film, with a character named ""Johnny 5"" that had a follow up sequel released in what year?"|1988|805|['8023', '8027']|['lawrence turman', 'short circuit 1986 film']|True
hotpot:806|What rank was higher than Karl Hermann Frank's rank until April 1942?|Reichsführer-SS|806|['8035', '8038']|['karl hermann frank', 'obergruppenführer']|True
hotpot:807|Alfie Allen played Theon Greyjoy on which show?|Game of Thrones|807|['8043', '8044']|['alfie allen', 'theon greyjoy']|True
hotpot:808|Force India VJM10 is a Formula One racing car previous driven by Nico Hülkenberg, and is now driven by which driver born 17 September 1996?|Esteban Ocon|808|['8053', '8054']|['esteban ocon', 'force india vjm10']|True
hotpot:809|Radha Jayalakshmi and the Priya sisters were both duo's in what music style?|Carnatic music|809|['8065', '8069']|['priya sisters', 'radha jayalakshmi']|True
hotpot:810|Which opera has more acts, Parsifal or Manon by Massenet?|Parsifal|810|['8072', '8079']|['manon', 'parsifal']|True
hotpot:811|What is the name of the number-one single featuring the winner of Celebrity Apprentice 3?|Every Rose Has Its Thorn|811|['8085', '8089']|['bret michaels', 'the apprentice u s season 9']|True
hotpot:812|"What song by the American rapper Coolio is on his greatest hits album ""Fantiastic Voyage"" and samples from a Stevie Wonder song?"|Gangsta's Paradise|812|['8100', '8101']|['fantastic voyage the greatest hits', 'gangsta s paradise']|True
hotpot:813|Which of the music composed for Operation Amsterdam originated in the middle of the 19th century in Bohemia, now part of the Czech Republic?|Polka|813|['8103', '8107']|['operation amsterdam', 'polka']|True
hotpot:814|Who was the eldest brother of the Mexican drug trafficker born 12 March 1952?|Francisco Rafael Arellano Félix|814|['8119', '8121']|['benjamín arellano félix', 'francisco rafael arellano félix']|True
hotpot:815|The actress who made her film debut in Friday Night Lights also starred in a 2014 French-American crime-thriller directed by whi?|McG|815|['8124', '8129']|['3 days to kill', 'amber heard']|True
hotpot:816|In which University is Richard Williams' former assistant a member of the Athletics Hall of Fame?|Campbellsville University|816|['8138', '8141']|['richard williams basketball coach', 'rick stansbury']|True
hotpot:817|Both Ralph Bakshi and Béla Gaál had what roll in film making?|film director|817|['8150', '8151']|['béla gaál', 'ralph bakshi']|True
hotpot:818|What type of music were vocalists Billie Joe Armstrong and Frank Iero involved with?|punk rock|818|['8156', '8159']|['billie joe armstrong', 'frank iero']|True
hotpot:819|Haier has North American rights to which appliance company headquartered in Louisville, Kentucky?|GE Appliances|819|['8169', '8171']|['ge appliances', 'hotpoint']|True
hotpot:820|PISCES was developed by the company that is headquartered in what city?|McLean, Virginia|820|['8179', '8180']|['booz allen hamilton', 'pisces']|True
hotpot:821|How many species of Hawaiian hibiscus do not have white flowers?|250|821|['8189', '8190']|['hawaiian hibiscus', 'hibiscus waimeae']|True
hotpot:822|Which band has more members, The Futureheads or Marcy Playground?|The Futureheads|822|['8199', '8200']|['marcy playground', 'the futureheads']|True
hotpot:823|Marvel Classics Comics specialized in adaptations of literary classics, such as a novel by American writer Herman Melville, that was published in what year?|1851|823|['8205', '8206']|['marvel classics comics', 'moby dick']|True
hotpot:824|When was the Chief Aerodynamicist for the British supersonic land vehicle, whose goal is to match or exceed 1000 mph achieving a new world land speed record, born?|1932|824|['8216', '8221']|['bloodhound ssc', 'ron ayers']|True
hotpot:825|Which genus has more species, Salvia or Arachis?|Salvia|825|['8222', '8228']|['arachis', 'salvia']|True
hotpot:826|Which reservation is located in Hill and Chouteau and named after the principal leader of the Montana Chippewa-Cree?|Rocky Boy's Indian Reservation|826|['8233', '8234']|['rocky boy chippewa leader', 'rocky boy s indian reservation']|True
hotpot:827|Jihad: A Story of the Others is a documentary by the director who is of what descent?|Punjabi/Pashtun|827|['8243', '8246']|['deeyah khan', 'jihad a story of the others']|True
hotpot:828|"Who was the main vocal of ""Set the Fire to the Third Bar""?"|Gary Lightbody|828|['8258', '8259']|['set the fire to the third bar', 'snow patrol']|True
hotpot:829|In what country was the actor Chris Hemsworth, one of the stars in the motion picture Thor: The Dark World, born?|Australian|829|['8260', '8263']|['chris hemsworth', 'thor the dark world']|True
hotpot:830|Cheek to cheek tour played shows at what place that is located on the Las Vegas strip that began their tour?|Cosmopolitan of Las Vegas|830|['8270', '8278']|['cheek to cheek tour', 'cosmopolitan of las vegas']|True
hotpot:831|Do the operas Vanessa and Le roi malgré lui contain that same number of acts?|yes|831|['8281', '8282']|['le roi malgré lui', 'vanessa opera']|True
hotpot:832|What was Terry Owen's son's profession after retiring from football?|racehorse breeder and owner|832|['8293', '8294']|['michael owen', 'terry owen']|True
hotpot:833|Where was the only European Cup Final in which Jupp Heynkes played held?|Stadio Olimpico|833|['8301', '8306']|['1977 european cup final', 'jupp heynckes']|True
hotpot:834|"The USS Tortuga was named after the Dry Tortugas, a group of desert coral islets 60 miles west of which city with the motto ""One Human Family""?"|Key West|834|['8316', '8319']|['key west florida', 'uss tortuga lsd 46']|True
hotpot:835|Which documentary was created first, The Agronomist or American Scary?|The Agronomist|835|['8321', '8328']|['american scary', 'the agronomist']|True
hotpot:836|"The producer of the Eric Church album ""The Outsiders"" was a member of what band in the 1980's?"|In Pursuit|836|['8331', '8336']|['jay joyce', 'the outsiders eric church album']|True
hotpot:837|Who created the NBC sitcom that Johnny Pemberton appears in as the character Bo Thompson?|Justin Spitzer|837|['8340', '8342']|['johnny pemberton', 'superstore tv series']|True
hotpot:838|The Bodie & Benton Railway was a narrow gauge common carrier railroad in California, from the Mono Mills to a terminus in a ghost town located how many miles away from Lake Tahoe ?|75 mi|838|['8352', '8354']|['bodie and benton railway and commercial company', 'bodie california']|True
hotpot:839|Isabella Kelly was born at a ruined castle characterized as one of the most isolated fortifications in Britain by who?|The Changing Scottish Landscape|839|['8367', '8368']|['cairnburgh castle', 'isabella kelly']|True
hotpot:840|Which American car rental company is also a member of the Association of Car Rental Industry Sytems Standards?|Budget Rent a Car|840|['8372', '8375']|['acriss car classification code', 'budget rent a car']|True
hotpot:841|The competition Lev Oborin won in 1927 is held in what city?|Warsaw, Poland|841|['8380', '8381']|['international chopin piano competition', 'lev oborin']|True
hotpot:842|Which town has a greater population as of the 2010 census, Minden, Nevada or Gardnerville, Nevada?|Gardnerville|842|['8390', '8395']|['gardnerville nevada', 'minden nevada']|True
hotpot:843|Which tennis player is from a country closer to Canada, Ken Flach or Lucie Šafářová?|Kenneth Eliot Flach|843|['8400', '8405']|['ken flach', 'lucie šafářová']|True
hotpot:844|What song written by Jimmy Webb inspired the name of a supergroup including Johnny Cash?|Highwayman|844|['8410', '8411']|['highwayman song', 'the highwaymen country supergroup']|True
hotpot:845|What year was the author of Cock and Bull born?|1961|845|['8424', '8425']|['cock and bull book', 'will self']|True
hotpot:846|What job did Newt Gingrich have prior to producing Nine Days that Changed the World?|former Speaker of the U.S. House of Representatives|846|['8432', '8433']|['callista gingrich', 'nine days that changed the world']|True
hotpot:847|The Polar Bear and Daiquiri are both examples of what?|cocktails|847|['8440', '8442']|['daiquiri', 'polar bear cocktail']|True
hotpot:848|Which tennis player is younger, John Newcombe or Květa Peschke?|Květa Peschke|848|['8453', '8456']|['john newcombe', 'květa peschke']|True
hotpot:849|when does the role William Vere Reeve King-Fane change?|The High Sheriff changes every March.|849|['8460', '8469']|['high sheriff of lincolnshire', 'william vere reeve king fane']|True
hotpot:850|Which team does the player named 2015 Diamond Head Classic's MVP play for?|Sacramento Kings|850|['8477', '8479']|['2015 diamond head classic', 'buddy hield']|True
hotpot:851|What is the name of the company that wholly owns the Value Alliance airline whose head office is within Terminal 2 of Narita International Airport?|All Nippon|851|['8481', '8486']|['value alliance', 'vanilla air']|True
hotpot:852|"When did the character on Grey's Anatomy, played by the same actor who portrayed Rev James Lawson in ""Lee Daniel's The Butler"", debut?"|"season six, episode 5, ""Invasion"""|852|['8492', '8495']|['jackson avery', 'jesse williams actor']|True
hotpot:853|Who died first, Bryce Courtenay or Juan Carlos Onetti?|Juan Carlos Onetti|853|['8500', '8506']|['bryce courtenay', 'juan carlos onetti']|True
hotpot:854|What religion is the composer for India's first science fiction film series?|Hindi|854|['8511', '8518']|['krrish franchise', 'rajesh roshan']|True
hotpot:855|What public radio network in New York has allowed Eric Plakun to dis his psychiatric work?|WAMC|855|['8524', '8527']|['eric plakun', 'wamc']|True
hotpot:856|The third emperor in the Year of the Four Emperors had how many wives?|second|856|['8531', '8538']|['galeria fundana', 'vitellius']|True
hotpot:857|Hudson Austin formed a military government with himself as chairman to rule Grenada, after the killing of a Grenadian politician who was the leader of what movement that was an effort in the areas of socio-economic development, education, and black liberation?|New Jewel Movement|857|['8540', '8549']|['hudson austin', 'maurice bishop']|True
hotpot:858|Which magazine is focused more on the adult demographic, Jack and Jill or Paper?|Paper|858|['8550', '8554']|['jack and jill magazine', 'paper magazine']|True
hotpot:859|"The members of the von Trapp musical group are related to which woman who wrote ""The Story of the Trapp Family Singers""?"|Maria von Trapp|859|['8561', '8564']|['maria von trapp', 'the von trapps']|True
hotpot:860|"Who is the American actress performed ""Take On The World"" with Sabrina Carpenter?"|Rowan Blanchard|860|['8574', '8579']|['matthew tishler', 'rowan blanchard']|True
hotpot:861|The Black Belly of the Tarantula starred an actress who married what former member of the Beatles?|Ringo Starr|861|['8584', '8588']|['barbara bach', 'black belly of the tarantula']|True
hotpot:862|What dance academy did the starring actress from The Glory of Tang Dynasty graduate from?|Beijing Dance Academy|862|['8593', '8594']|['jing tian', 'the glory of tang dynasty']|True
hotpot:863|"What band member that released ""Darkhorse"" gave the vocals to ""Starry Eyed Surprise""?"|Shifty Shellshock|863|['8604', '8609']|['crazy town', 'starry eyed surprise']|True
hotpot:864|The Birthday of the World: and Other Stories was written by what fantasy and sci-fi author?|Ursula Kroeber Le Guin|864|['8611', '8613']|['the birthday of the world and other stories', 'ursula k le guin']|True
hotpot:865|"The author of the ""The Dagger and the Coin"" fantasy series was nominated for what award in 2017?"|Hugo Award|865|['8626', '8629']|['daniel abraham author', 'the expanse novel series']|True
hotpot:866|What was the profession of the one who wrote a song on a 2005 album he collaborated on with Marc Predka?|professional wrestler, actor, and hip hop musician|866|['8631', '8635']|['tha trademarc', 'the time is now john cena song']|True
hotpot:867|Lawton–Fort Sill Regional Airport, a charter base for value airline Allegiant Air, is situated in which U.S. state?|Oklahoma|867|['8643', '8649']|['allegiant air', 'lawton fort sill regional airport']|True
hotpot:868|Which person, William Blake Herron or John Carpenter, held more diverse roles in the movie industry?|musician, editor and composer.|868|['8653', '8660']|['john carpenter', 'william blake herron']|True
hotpot:869|Keanu is a 2016 American action comedy film directed by Peter Atencio and written by who?|Jordan Peele|869|['8665', '8669']|['jordan peele', 'keanu film']|True
hotpot:870|Where was the host of Australia's Got Talent born?|Warrnambool, Victoria|870|['8673', '8675']|['australia s got talent season 8', 'dave hughes']|True
hotpot:871|Repertoire of Plácido Domingo appeared in an opera written by whom which was based on a play by William Shakespeare?|Giuseppe Verdi|871|['8684', '8686']|['macbeth opera', 'repertoire of plácido domingo']|True
hotpot:872|Naval Air Station Ellyson Field was an auxiliary facility to the air station in which community?|Warrington|872|['8691', '8698']|['naval air station ellyson field', 'naval air station pensacola']|True
hotpot:873|What is the name of the movie that stars Katrina Bowden and was directed by Sean Anders?|Sex Drive|873|['8702', '8708']|['katrina bowden', 'sex drive film']|True
hotpot:874|The birthplace of George McCall Theal is a port city of what bay?|Bay of Fundy|874|['8717', '8719']|['george mccall theal', 'saint john new brunswick']|True
hotpot:875|Whose native growing land is more south, Beech or Daviesia?|Daviesia|875|['8722', '8723']|['beech', 'daviesia']|True
hotpot:876|Russia Soviet pianist, composer and teacher, Tatiana Nikolayeva taught what Polish pianist and music educator?|Maria Szraiber|876|['8733', '8735']|['maria szraiber', 'tatiana nikolayeva']|True
hotpot:877|What theory was advanced by the author of Progress in Optics?|theory of direct scattering and inverse scattering|877|['8743', '8744']|['emil wolf', 'progress in optics']|True
hotpot:878|What did Karan Kapoor's maternal grandfather deliver?|Shakespeare performances|878|['8751', '8755']|['geoffrey kendal', 'karan kapoor']|True
hotpot:879|Why is Minister Pool important to Black Country and the West Midlands in England?|defence of the Cathedral|879|['8763', '8764']|['lichfield cathedral', 'minster pool']|True
hotpot:880|Which American singer-songwriter toured with J.P. Doherty in 2007 on Cyndi Lauper's True Colors tour?|Debbie Harry|880|['8773', '8776']|['debbie harry', 'j p doherty']|True
hotpot:881|Between Frederick King Keller and Ian Schneider, which filmmaker had more diverse job experiences?|Frederick King Keller|881|['8789', '8790']|['frederick king keller', 'ian schneider']|True
hotpot:882|Which 1970's film was released first, Charley and the Angel or The Boatniks?|The Boatniks is a 1970 American comedy film starring Robert Morse, Stefanie Powers, Don Ameche and Phil Silvers.|882|['8794', '8800']|['charley and the angel', 'the boatniks']|True
hotpot:883|M.F.A. starred the actress known for starring in what E! reality series?|Mrs. Eastwood & Company|883|['8802', '8805']|['francesca eastwood', 'm f a film']|True
hotpot:884|The creek of which Paradise Creek is a tributary is a tributary of what river?|Delaware River|884|['8813', '8818']|['brodhead creek', 'paradise creek pennsylvania']|True
hotpot:885|What tribe was the Megaoryzomys curioi previously in that Nesoryzomys are also in?|Oryzomyini|885|['8823', '8825']|['megaoryzomys', 'nesoryzomys']|True
hotpot:886|"When did the Disney sitcom in which Genevieve Knight ""G"" Hannelius starred as Avery Jennings end?"|October 16, 2015|886|['8832', '8836']|['g hannelius', 'jessie 2011 tv series']|True
hotpot:887|who were James Hill and John Vereker, 6th Viscount Gort officers for?|British Army|887|['8845', '8847']|['james hill british army officer', 'john vereker 6th viscount gort']|True
hotpot:888|Keene is an unincorporated community in Wabaunsee County, Kansas, in what federal republic composed of 50 states?|The United States of America|888|['8851', '8860']|['keene kansas', 'united states']|True
hotpot:889|What food does one of Daniel Greene's subjects' restaurant chain specialize in?|hamburgers|889|['8864', '8867']|['daniel greene artist', 'dave thomas businessman']|True
hotpot:890|In which genus number of species are more, Lavatera or Oplismenus?|Oplismenus|890|['8871', '8877']|['lavatera', 'oplismenus']|True
hotpot:891|Who was born first, Ulf Merbold or Mirosław Hermaszewski?|Ulf Dietrich Merbold|891|['8884', '8887']|['mirosław hermaszewski', 'ulf merbold']|True
hotpot:892|Are Ian Brown and Dee Snider both actors?|no|892|['8894', '8896']|['dee snider', 'ian brown']|True
hotpot:893|What Italian region does Slinzega come from?|Lombardy|893|['8901', '8902']|['bresaola', 'slinzega']|True
hotpot:894|What was Robert M. Fomon's connection to the New York Stock Exchange located at 11 Wall Street, Lower Manhattan, New York City, New York?|a governor|894|['8907', '8910']|['new york stock exchange', 'robert m fomon']|True
hotpot:895|"Liz Rose has co-written songs with which artist including ""White Horse"" and ""You Belong with Me""?"|Taylor Swift|895|['8918', '8919']|['liz rose', 'you belong with me']|True
hotpot:896|Where is the seminar Jeanne Marie Beaumont directed in 2007-2010 located?|Franconia, New Hampshire|896|['8925', '8932']|['jeanne marie beaumont', 'the frost place']|True
hotpot:897|where is the  a county where  Purcell can be found located|the U.S. state of Kansas|897|['8935', '8944']|['doniphan county kansas', 'purcell kansas']|True
hotpot:898|Which film director is younger, Robert Z. Leonard or Sinclair Hill?|Sinclair Hill|898|['8949', '8955']|['robert z leonard', 'sinclair hill']|True
hotpot:899|Are William Kronick and Jon Turteltaub both television writers ?|no|899|['8956', '8957']|['jon turteltaub', 'william kronick']|True
hotpot:900|Who was a more acclaimed guitarist Stephen Christian or Joe Gooch?|and lead guitarist|900|['8966', '8974']|['joe gooch', 'stephen christian']|True
hotpot:901|"The True Colors World Tour was by what artist whose debut album was ""She's So Unusual""?"|"Cynthia Ann Stephanie ""Cyndi"" Lauper"|901|['8976', '8980']|['cyndi lauper', 'true colors world tour']|True
hotpot:902|What group did Carlene LeFevre and Rich LeFevre form in Brooklyn, New York City?|"the ""First Family of Competitive Eating"""|902|['8987', '8995']|['carlene lefevre', 'nathan s hot dog eating contest']|True
hotpot:903|What American composer born in 1937 pioneered minimal music?|Philip Morris Glass|903|['8997', '9003']|['philip glass', 'steve reich']|True
hotpot:904|What political office was held by two successive occupants of the same castle located in Lauderdale, Scotland?|Keeper of the Privy Seal of Scotland|904|['9011', '9015']|['richard maitland', 'thirlestane castle']|True
hotpot:905|Who founded the honky tonk that is at the center  of John Travolta's  third major acting role?|Mickey Gilley|905|['9016', '9022']|['gilley s club', 'urban cowboy']|True
hotpot:906|Which band has more constant members, Lilys or Ratatat?|Ratatat|906|['9028', '9035']|['lilys', 'ratatat']|True
hotpot:907|What is the name of the father of Childericus?|Merovech|907|['9043', '9045']|['childeric i', 'merovingian dynasty']|True
hotpot:908|Which band was formed first, Lit or Adorable?|Adorable|908|['9047', '9054']|['adorable band', 'lit band']|True
hotpot:909|Are both Delmer Daves and Jean-Pierre Jeunet film directors?|yes|909|['9056', '9058']|['delmer daves', 'jean pierre jeunet']|True
hotpot:910|who influenced the electronic dance music who  made  Scotch Hausen album|hardcore|910|['9071', '9074']|['breakcore', 'scotchausen']|True
hotpot:911|Which genus has more species, Apium or Elodea?|Apium|911|['9079', '9081']|['apium', 'elodea']|True
hotpot:912|Black Book starred the actress and writer of what heritage?|Dutch|912|['9088', '9090']|['black book film', 'halina reijn']|True
hotpot:913|Brian Olsen was the lst WEC heavyweight champion before the promotion company founded in what month purchased the organization?|January 2001|913|['9099', '9101']|['brian olsen', 'zuffa']|True
hotpot:914|Shani Gandi has worked with Kelsea Ballerini in what country?|American|914|['9105', '9111']|['kelsea ballerini', 'shani gandhi']|True
hotpot:915|Which of Kylian Hazard's older brothers plays for the German Bundesliga club Borussia Mönchengladbach and the Belgium national team.|Thorgan Ganael Francis Hazard|915|['9112', '9117']|['kylian hazard', 'thorgan hazard']|True
hotpot:916|Wing Chun starred Michelle Yeoh and a Hong Kong actor, martial artist, and film director who won what tournament multiple times?|world wushu tournament|916|['9123', '9128']|['donnie yen', 'wing chun film']|True
hotpot:917|Which publication publishes more frequently, Utne Reader or The New York Enterprise Report?|The New York Enterprise Report|917|['9132', '9137']|['the new york enterprise report', 'utne reader']|True
hotpot:918|Which band has more members Band of Skulls or Live ?|Live|918|['9144', '9149']|['band of skulls', 'live band']|True
hotpot:919|"What character in ""Father Ted"" was played by an actor who starred in Death in Paradise?"|Father Dougal McGuire|919|['9155', '9160']|['ardal o hanlon', 'death in paradise tv series']|True
hotpot:920|What year did Christopher Nolan's magic-themed drama come out?|2006|920|['9168', '9170']|['hugh jackman', 'the prestige film']|True
hotpot:921|Who is older between the brothers that J. Todd Anderson has primarily worked with?|Joel David Coen|921|['9173', '9174']|['coen brothers', 'j todd anderson']|True
hotpot:922|Who owns the hotel where the 13th Anniversary Show took place?|Boyd Gaming|922|['9182', '9191']|['roh 13th anniversary show', 'the orleans']|True
hotpot:923|Are Pothos and Tibouchina Aubl both flowering genus of plants?|yes|923|['9193', '9196']|['pothos genus', 'tibouchina']|True
hotpot:924|Immanuel Lutheran School is affiliated with the denomination that has how many members?|2.1 million|924|['9206', '9209']|['immanuel lutheran school perryville missouri', 'lutheran church missouri synod']|True
hotpot:925|Which genus has more species, Bactris and Epigaea?|Bactris|925|['9212', '9213']|['bactris', 'epigaea']|True
hotpot:926|What was the code name of The landing barge primarily used to provide hot meals to the landing crew?|Operation Neptune|926|['9216', '9217']|['landing barge kitchen', 'normandy landings']|True
hotpot:927|Electronic Attack Squadron 138 is a type of which American carrier-based electronic warfare aircraft, a specialized version of the two-seat F/A-18F Super Hornet?|Boeing EA-18G Growler|927|['9224', '9226']|['boeing ea 18g growler', 'vaq 138']|True
hotpot:928|For which NBA team did the MVP of the 2013 McDonald's All-American Boys Game play?|Orlando Magic|928|['9234', '9241']|['2013 mcdonald s all american boys game', 'aaron gordon']|True
hotpot:929|Who was elected more times, Daniel Patrick Moynihan or Dennis Kux?|"Daniel Patrick ""Pat"" Moynihan"|929|['9252', '9253']|['daniel patrick moynihan', 'dennis kux']|True
hotpot:930|Victor Varnada directed Twisted Fortune, which starred which brother of Eddie Murphy?|Charlie Murphy|930|['9254', '9255']|['charlie murphy', 'twisted fortune']|True
hotpot:931|When was the American automobile club which has 2014 Trans-Am Series as the 46th running of the Sports formed?|1944|931|['9270', '9271']|['2014 trans am series', 'sports car club of america']|True
hotpot:932|What is the population of the city in which the first edition of the South American Youth Olympic Games were held?|more than 10 million|932|['9278', '9279']|['lima', 'south american youth games']|True
hotpot:933|Who constructed Auburn the Antebellum mansion and was accused of the Manhattan Well Murder?|Levi Weeks|933|['9286', '9291']|['auburn natchez mississippi', 'levi weeks']|True
hotpot:934|What kind of person of authority does Governor of Sheerness and Stapleton Cotton, 1st Viscount Combermere have in common?|officer|934|['9295', '9300']|['governor of sheerness', 'stapleton cotton 1st viscount combermere']|True
hotpot:935|"What was the name of the publisher who published ""Finnegans Wake"" in 1939 by James Joyce"|Teriade|935|['9304', '9307']|['james joyce', 'verve 1937 60']|True
hotpot:936|What was the address of the penitentiary where Jimmy Elliot was sentenced?|2027 Fairmount Avenue|936|['9316', '9321']|['eastern state penitentiary', 'jimmy elliott']|True
hotpot:937|in the 2004 Hockey film produced by a former major league baseball pitcher who played the USA coach?|Kurt Russell|937|['9328', '9330']|['mark ciardi', 'miracle 2004 film']|True
hotpot:938|In regards to Value premium an expert argued that no value premium exisits, what did this expert found?|The Vanguard Group|938|['9338', '9342']|['john c bogle', 'value premium']|True
hotpot:939|What is the founding year of this public research university in the Netherlands, where Jan Borgman was a professor from 1968 to 1988?|1614|939|['9347', '9352']|['jan borgman', 'university of groningen']|True
hotpot:940|This man who was born on April 25th, 1947, was a member of this lower house of the Hawaii State Legislature.|"Robert ""Bobby"" Bunda"|940|['9356', '9363']|['hawaii house of representatives', 'robert bunda']|True
hotpot:941|Which road borders both Pacific Mall and Splendid China Mall ?|Steeles Avenue|941|['9367', '9371']|['pacific mall', 'splendid china mall']|True
hotpot:942|Wheelock Whitney is just one member of the Whitney Family. Where did this American family originate from?|London, England|942|['9377', '9381']|['wheelock whitney', 'whitney family']|True
hotpot:943|What is the focus of the movie in which Nolan North played the role of Superboy?|focus on young superheroes|943|['9387', '9391']|['nolan north', 'young justice tv series']|True
hotpot:944|Were both Monkey Kingdom and Anaganaga O Dheerudu connected with Disney?|yes|944|['9400', '9403']|['anaganaga o dheerudu', 'monkey kingdom']|True
hotpot:945|Temagami-Lorrain Mine and Burwash Mine were both mines created during the early 1900s; which one yielded a 16-ton bulk sample of gold ore in 1935?|Burwash Mine|945|['9405', '9410']|['burwash mine', 'temagami lorrain mine']|True
hotpot:946|What county in Minnesota holds a 202 lb slab of greywacke covered in runes?|Douglas|946|['9418', '9422']|['kensington minnesota', 'kensington runestone']|True
hotpot:947|"What is the fictional name of the mall in the movie ""Back to the Future"" which was filmed at the headquarters of EverTrust Bank?"|Twin Pines/Lone Pine Mall|947|['9424', '9430']|['evertrust bank', 'puente hills mall']|True
hotpot:948|Tamanchey is a comedy film that starred the actress who works in what type of films?|Hindi|948|['9436', '9441']|['richa chadda', 'tamanchey']|True
hotpot:949|The Northern Chamber Orchestra gives concerts at what estate owned by the National Trust?|Tatton Park|949|['9448', '9452']|['northern chamber orchestra', 'tatton park']|True
hotpot:950|"Which star of ""Chalet Girl"" also appeared in ""The Treasure Seekers""?"|Felicity Rose Hadley Jones|950|['9456', '9458']|['chalet girl', 'felicity jones']|True
hotpot:951|In regards to the high school that forced Manchester High School to change its name in 1922, when was its first graduating class?|June 1925|951|['9468', '9469']|['manchester central high school', 'manchester high school west']|True
hotpot:952|What organization does Rosyth Dockyard and Queen Elizabeth-class aircraft carrier have in common?|Navy|952|['9476', '9478']|['queen elizabeth class aircraft carrier', 'rosyth dockyard']|True
hotpot:953|"What year was the song that some critics compared to ""Fading"" released?"|2008|953|['9487', '9492']|['fading song', 'take a bow rihanna song']|True
hotpot:954|What is another name for the LRA featured in A Brilliant Genocide?|United Holy Salvation Army and Uganda Christian Army/Movement|954|['9500', '9503']|['a brilliant genocide', 'lord s resistance army']|True
hotpot:955|Charlie McDermott plays Axl Heck on a tv show that premiered in what date?|September 30, 2009|955|['9504', '9513']|['charlie mcdermott', 'the middle tv series']|True
hotpot:956|What Dances with the Wolves star had a role in Powwow Highway?|"Wesley ""Wes"" Studi"|956|['9520', '9523']|['powwow highway', 'wes studi']|True
hotpot:957|Who created the show that featured Triumph the Insult Comic Dog?|Robert Smigel, Michael Koman and David Feldman|957|['9530', '9532']|['the jack and triumph show', 'triumph the insult comic dog']|True
hotpot:958|Do Bloody Mary and Sidecar share any ingredients in common?|no|958|['9543', '9544']|['bloody mary cocktail', 'sidecar cocktail']|True
hotpot:959|The tap dancing soloist in My Feet Keep Dancing also starred in what 1935 MGM musical?|"""An All-Colored Vaudeville Show"""|959|['9545', '9554']|['fayard nicholas', 'my feet keep dancing']|True
hotpot:960|What type of auto racing, performed on clay or dirt surfaced oval tracks, is run for the Australian Street Stock Championship?|Dirt track racing|960|['9556', '9557']|['australian street stock championship', 'dirt track racing']|True
hotpot:961|What year was the namesake of a small island in the Town of East Hampton born?|1599|961|['9567', '9573']|['gardiners island', 'lion gardiner']|True
hotpot:962|Who currently has more store locations? Bearno's or Patxi's Chicago Pizza?|Bearno's Pizza|962|['9579', '9582']|['bearno s', 'patxi s chicago pizza']|True
hotpot:963|"Peter Marc Jacobson is best known as the co-creator of the popular sitcom ""The Nanny"", which he created and wrote with his then wife an actress born in which year ?"|1957|963|['9588', '9590']|['fran drescher', 'peter marc jacobson']|True
hotpot:964|Who was the brother of the architect of Hook and Ladder No. 4 located in Albany, NY?|Cuyler Reynolds|964|['9597', '9604']|['hook and ladder no 4', 'marcus t reynolds']|True
hotpot:965|Bethpage State Parkway begins with an interchange at which Long Island-based limited access highway?|Southern State Parkway|965|['9610', '9611']|['bethpage state parkway', 'southern state parkway']|True
hotpot:966|1990 Film Lionheart stars this actor who is best known for what type of films?|martial arts action films|966|['9617', '9623']|['jean claude van damme', 'lionheart 1990 film']|True
hotpot:967|How is the namesake of The Mountbatten Institute related to Elizabeth II?|second cousin once removed|967|['9633', '9634']|['louis mountbatten 1st earl mountbatten of burma', 'mountbatten institute']|True
hotpot:968|At what frequency the magazine publishes which ranked  Aditya Puri #24th in India's 50 Most powerful people of 2017 list?|fortnightly|968|['9636', '9644']|['aditya puri', 'india today']|True
hotpot:969|Which brand of canned cooked meat by Hormel Foods Corporation is used to make a popular snack and lunch food in Hawaii?|Spam|969|['9647', '9651']|['spam food', 'spam musubi']|True
hotpot:970|Which plant genus has a longer common name, Myrtus or Eustoma?|Eustoma|970|['9659', '9662']|['eustoma', 'myrtus']|True
hotpot:971|"What films were the basis for ""Family Guy"" and the character of Peter Griffith?"|The Life of Larry and Larry & Steve|971|['9666', '9670']|['peter griffin', 'the life of larry and larry amp steve']|True
hotpot:972|In what city did Jennifer Paige Chambers appear with the creator of the characters Jiminy Glick and Ed Grimley?|Los Angeles|972|['9678', '9681']|['jennifer paige chambers', 'martin short']|True
hotpot:973|How many yards did the nephew of Ivory Lee Brown get during his 2004 true freshman season?|1,925 yards|973|['9689', '9690']|['adrian peterson', 'ivory lee brown']|True
hotpot:974|"Belle & Sebastian: The Adventure Continues is the sequel to the 2013 film ""Belle and Sebastian"", a French adventure film directed by who?"|Nicolas Vanier|974|['9697', '9698']|['belle amp sebastian the adventure continues', 'belle and sebastian film']|True
hotpot:975|Selena Quintanilla-Pérez's assistant and head of her fan club will be eligible for parole on what date?|March 30, 2025|975|['9711', '9714']|['mirador de la flor', 'yolanda saldívar']|True
hotpot:976|Are Peter Balakian and James Der Derian both teachers?|yes|976|['9717', '9719']|['james der derian', 'peter balakian']|True
hotpot:977|In which St. Louis Cardinal season did a player born in 1972 blow ten saves before undergoing season-ending hip surgery?|2006 season|977|['9728', '9732']|['2006 st louis cardinals season', 'jason isringhausen']|True
hotpot:978|Out of the actors who have played the role of Luc Deveraux in the Universal Soldier franchise, which actor has also starred in the movies Holby City, Doctor Strange, the Bourne Ultimatum and Zero Dark Thirty?|Scott Adkins|978|['9736', '9743']|['scott adkins', 'universal soldier franchise']|True
hotpot:979|Who was born first, Aleksandr Ivanovsky or Arthur Lubin?|Aleksandr Ivanovsky|979|['9746', '9749']|['aleksandr ivanovsky', 'arthur lubin']|True
hotpot:980|Liverpool nurse Mimi Smith was the aunt and guardian of which one of the city's most famous sons?|John Lennon|980|['9756', '9762']|['mimi smith', 'nowhere boy']|True
hotpot:981|What production company co-owned by Kevin Loader and Rodger Michell produced My Cousin Rachel?|Free Range Films|981|['9769', '9770']|['kevin loader', 'my cousin rachel 2017 film']|True
hotpot:982|Out of two American colonies that had a series of skirmishes and raids between 1701 and 1765 at the disputed border, which British proprietary colony became a royal colony on the northeast coast of North America?|Province of New York|982|['9777', '9782']|['new york new jersey line war', 'province of new york']|True
hotpot:983|Former race car driver Jeff Wood made his CART debut at which 1983 Nissan/Datsun-sponsored race?|Caesars Palace Grand Prix|983|['9786', '9787']|['caesars palace grand prix', 'jeff wood racing driver']|True
hotpot:984|What is the name of Bruce Willis's character in Unbreakable?|David Dunn|984|['9797', '9804']|['david dunn character', 'unbreakable film']|True
hotpot:985|How many degrees and minutes south of the equator are the bone fragments of the extinct Ascension night heron found?|7°56'|985|['9810', '9815']|['ascension island', 'ascension night heron']|True
hotpot:986|Jon S. Cardin is the nephew of a senator who has been in office since when ?|since 2007|986|['9821', '9823']|['ben cardin', 'jon s cardin']|True
hotpot:987|Chris Jones is a semi-professional footballer, who played with what goalkeeper for Derby County when he was with Yorkshire?|Scott Paul Carson|987|['9829', '9834']|['chris jones footballer born 1985', 'scott carson']|True
hotpot:988|What pursuit did both Gevork Minaskanian and George Stambolian have in common?|American educator, writer,|988|['9838', '9840']|['george stambolian', 'gevork minaskanian']|True
hotpot:989|Which film is newer, The Apple Dumpling Gang or Heavyweights?|Heavyweights|989|['9853', '9854']|['heavyweights', 'the apple dumpling gang film']|True
hotpot:990|What former president of ABC television is a high ranking officer in the same company as Christine Mccarthy?|Robert A. Iger|990|['9862', '9867']|['bob iger', 'christine mccarthy']|True
hotpot:991|Show Her is a song written by a country music artist who is also a former player of what sport?|American football|991|['9868', '9875']|['mike reid singer', 'show her']|True
hotpot:992|House of Many Ways is a young adult fantasy novel set in the same world as a novel that was adapted as an animated film of the same name and nominated for what?|Academy Award for Best Animated Feature|992|['9880', '9884']|['house of many ways', 'howl s moving castle']|True
hotpot:993|What NFL team did the 2017 ESPN College Football Friday Primetime host who played at Oklahoma in college play for?|the Bears|993|['9890', '9896']|['dusty dvoracek', 'espn college football friday primetime']|True
hotpot:994|What relationship does Fred Gehrke have to the 23rd overall pick in the 2010 Major League Baseball Draft?|great-grandfather|994|['9898', '9900']|['christian yelich', 'fred gehrke']|True
hotpot:995|Who is the author of the play that was adapted into a film and featured the orchestral arrangement Suite from Henry V?|William Shakespeare|995|['9914', '9915']|['henry v 1944 film', 'suite from henry v']|True
hotpot:996|"Which type of character is featured by the P.L. Travers's third book and last novel in the ""Mary Poppins"" series?"|fictional character|996|['9922', '9923']|['mary poppins character', 'mary poppins opens the door']|True
hotpot:997|What distinction about his birth makes the contemporary of Bill Pollack unique as a winner of the Formula One World Drivers' Championship?|American-born|997|['9929', '9932']|['bill pollack', 'phil hill']|True
hotpot:998|Are both Yangzhou and Jiangyan District considered coastal cities?|no|998|['9941', '9945']|['jiangyan district', 'yangzhou']|True
hotpot:999|What musical action does Ndebele music and Musical bow have in common?|played|999|['9948', '9953']|['musical bow', 'ndebele music']|True
